Country,Total Population,Top Cities,GDP Growth_x,GDP Growth Year,Defense Expenditure,Defense Expenditure Year,Population,Yearly Change,Net Change,Density,Land Area,Migrants,Median Age,World Percent,Year,Life Expectancy (Both),Life Expectancy (Male),Life Expectancy (Female),Life Expectancy Year,GDP (nominal),GDP Growth_y,GDP per capita,GDP Year
Afghanistan,43092191,[],-6.24017199240269,2022,1.827933856217,2021,"42,647,492",2.88 %,"1,192,731",65,"652,860","-44,089",17,0.52 %,36,66.29,67.81,64.70,168,,,,
Albania,2784158,[],3.43914949919611,2023,1.58488092384586,2022,"2,791,765",-0.71 %,"-19,890",102,"27,400","-24,472",37,0.03 %,143,79.78,81.59,77.92,46,"$18,882,095,518",4.84%,"$6,678",118
Algeria,,,,,,,"46,814,308",1.41 %,"650,089",20,"2,381,740","-31,240",28,0.57 %,33,76.48,77.91,75.10,80,"$191,913,000,000",3.10%,"$4,220",55
American Samoa,46491,[],1.73501577287065,2022,,,"46,765",-1.59 %,-756,234,200,"-1,110",29,0.00 %,209,,,,,,,,
Andorra,82299,[],1.44418423106947,2023,,,"81,938",1.34 %,"1,082",174,470,988,43,0.00 %,202,,,,,"$3,352,032,737",8.81%,"$42,055",153
Angola,38314467,[],0.856000934845724,2023,1.32872232786494,2022,"37,885,849",3.09 %,"1,135,943",30,"1,246,700","-2,629",17,0.46 %,41,64.81,67.34,62.28,175,"$106,714,000,000",3.05%,"$2,995",66
Anguilla,14649,[],,,,,"14,598",1.30 %,188,162,90,109,38,0.00 %,222,,,,,,,,
Antarctica,,[],,,,,,,,,,,,,,,,,,,,,
Antigua And Barbuda,,,,,,,,,,,,,,,,,,,,,,,
Antigua and Barbuda,,,,,,,"93,772",0.49 %,456,213,440,9,36,0.00 %,199,77.77,80.45,74.74,64,"$1,757,603,704",8.46%,"$18,932",162
Argentina,45754287,[],-1.55050153620256,2023,0.411211298762518,2022,"45,696,159",0.35 %,"157,758",17,"2,736,690","3,454",33,0.56 %,35,77.54,80.02,74.98,67,"$632,770,000,000",5.24%,"$13,935",22
Armenia,2965773,[],8.7,2023,4.31710667230517,2022,"2,973,840",1.03 %,"30,447",104,"28,470","-29,966",36,0.04 %,140,75.85,79.60,71.58,88,"$19,502,783,988",12.60%,"$6,770",115
Aruba,108100,[],10.45831735343,2022,,,"108,066",0.12 %,127,600,180,141,41,0.00 %,196,76.50,78.92,73.85,79,,,,
Australia,26810690,[],3.01698810357014,2023,1.89882434777792,2022,"26,713,205",0.99 %,"262,081",3,"7,682,300","138,510",38,0.33 %,55,84.07,85.85,82.28,6,"$1,675,420,000,000",3.62%,"$63,945",12
Austria,9118095,[],-0.828815088963225,2023,0.772607157386914,2022,"9,120,813",-0.11 %,"-9,616",111,"82,409","8,813",43,0.11 %,99,82.12,84.45,79.75,29,"$471,400,000,000",5.00%,"$52,004",32
Azerbaijan,10359454,[],1.12397432709641,2023,4.54596853675007,2022,"10,336,577",0.18 %,"18,370",125,"82,658","10,864",33,0.13 %,94,74.58,77.29,71.71,103,"$78,721,058,824",4.62%,"$7,646",71
Bahamas,401935,[],2.63905598075102,2023,,,"401,283",0.46 %,"1,843",40,"10,010","1,018",35,0.00 %,178,74.71,78.33,71.06,99,"$12,897,400,000",14.37%,"$32,443",137
Bahrain,1620556,[],2.48146533907759,2023,3.17213705490747,2022,"1,607,049",2.38 %,"37,383","2,115",760,"22,699",33,0.02 %,153,81.42,82.13,80.86,38,"$44,390,820,479",4.86%,"$28,948",91
Bangladesh,174355806,[],5.77511237007889,2023,1.12882010548687,2022,"173,562,364",1.22 %,"2,095,374","1,333","130,170","-473,362",26,2.13 %,8,74.93,76.67,73.30,97,"$460,201,000,000",7.10%,"$2,717",34
Barbados,282526,[],4.51648965902731,2023,,,"282,467",0.05 %,131,657,430,-70,39,0.00 %,186,76.33,78.76,73.75,81,"$5,637,914,515",10.00%,"$19,970",147
Belarus,9034498,[],3.88624214456901,2023,1.20328256808078,2022,"9,056,696",-0.65 %,"-58,984",45,"202,910","-3,119",41,0.11 %,100,74.62,79.22,69.74,102,"$72,793,457,588",-4.70%,"$7,935",76
Belgium,11746194,[],1.36505523054922,2023,1.17973708133594,2022,"11,738,763",0.22 %,"25,870",388,"30,280","36,243",42,0.14 %,83,82.27,84.45,80.06,26,"$578,604,000,000",3.25%,"$49,700",25
Belize,419254,[],4.5416322077583,2023,0.861167113650318,2022,"417,072",1.45 %,"5,966",18,"22,810",490,26,0.01 %,177,73.74,76.66,71.08,109,"$2,824,081,836",12.13%,"$7,012",156
Benin,14593595,[],6.35282160914288,2023,0.557461260604776,2022,"14,462,724",2.49 %,"351,690",128,"112,760","-7,725",18,0.18 %,76,60.96,62.42,59.52,192,"$17,401,746,309",6.25%,"$1,265",122
Bermuda,64610,[],6.43113399633694,2022,,,"64,636",-0.10 %,-62,"1,293",50,-5,46,0.00 %,205,,,,,,,,
Bhutan,793451,[],5.21386783786224,2022,,,"791,524",0.65 %,"5,139",21,"38,117",-277,30,0.01 %,166,73.26,75.27,71.57,112,,,,
Bolivia,,,,,,,"12,413,315",1.38 %,"169,156",11,"1,083,300","-3,000",25,0.15 %,79,68.74,71.32,66.27,150,"$43,068,885,673",3.07%,"$3,566",93
"Bolivia, Plurinational State Of",,[],2.44347191830776,2023,1.48373193294262,2022,,,,,,,,,,,,,,,,,
"Bonaire, Sint Eustatius And Saba",,[],,,,,,,,,,,,,,,,,,,,,
Bosnia And Herzegovina,3155175,[],1.6762234691309,2023,0.810442240190891,2022,,,,,,,,,,,,,,,,,
Bosnia and Herzegovina,,,,,,,"3,164,253",-0.65 %,"-20,820",62,"51,000","-4,497",45,0.04 %,136,78.04,81.07,74.65,57,"$24,527,507,288",3.90%,"$7,653",108
Botswana,2536426,[],2.73091904554352,2023,2.74395956341177,2022,"2,521,139",1.65 %,"40,895",4,"566,730","-5,778",23,0.03 %,146,69.29,71.85,66.78,145,"$20,352,322,157",5.78%,"$8,341",113
Bouvet Island,,[],,,,,,,,,,,,,,,,,,,,,
Brazil,212303319,[],2.90848048667777,2023,1.05342201124086,2022,"211,998,573",0.41 %,"857,844",25,"8,358,140","-225,510",34,2.60 %,7,76.02,79.15,72.95,87,"$1,920,100,000,000",2.90%,"$9,130",11
British Indian Ocean Territory,,[],,,,,,,,,,,,,,,,,,,,,
British Virgin Islands,,,,,,,"39,471",1.25 %,486,263,150,212,38,0.00 %,214,,,,,,,,
Brunei,,,,,,,"462,721",0.82 %,"3,772",88,"5,270",0,32,0.01 %,176,75.50,77.73,73.49,91,"$16,681,531,646",-1.63%,"$36,633",125
Brunei Darussalam,464070,[],1.40706822925519,2023,2.3696474066313,2022,,,,,,,,,,,,,,,,,
Bulgaria,6741488,[],1.84638956019879,2023,1.50812345474607,2022,"6,757,689",-0.56 %,"-38,114",62,"108,560",524,45,0.08 %,110,75.80,79.36,72.33,89,"$89,040,398,406",3.36%,"$13,045",68
Burkina Faso,23744539,[],2.96018001322078,2023,3.09476704494336,2022,"23,548,781",2.27 %,"523,005",86,"273,600","-25,807",17,0.29 %,59,61.29,63.43,59.11,191,"$18,884,619,613",1.48%,$839,117
Burundi,14175115,[],2.70000059705133,2023,2.76041457754835,2022,"14,047,786",2.62 %,"358,336",547,"25,680","-27,074",16,0.17 %,78,63.82,65.88,61.75,182,"$3,073,414,678",1.85%,$231,155
Cabo Verde,525797,[],5.14913485822454,2023,0.548076281842058,2022,"524,877",0.49 %,"2,546",130,"4,030","-1,209",28,0.01 %,175,76.22,79.37,73.05,84,"$2,314,816,792",17.71%,"$4,454",159
Cambodia,17716955,[],5.39999999995442,2023,2.09964232456006,2022,"17,638,801",1.23 %,"214,921",100,"176,520","-32,960",26,0.22 %,73,70.82,73.36,68.15,137,"$29,956,769,529",5.16%,"$1,741",101
Cameroon,29404765,[],3.99338950938622,2023,0.94915422763619,2022,"29,123,744",2.65 %,"751,057",62,"472,710","-13,892",18,0.36 %,52,63.97,66.23,61.78,178,"$44,341,646,509",3.54%,"$1,605",92
Canada,39886073,[],1.06599445256434,2023,1.23665591258666,2022,"39,742,430",1.13 %,"443,325",4,"9,093,510","368,599",40,0.49 %,38,82.72,84.91,80.53,20,"$2,139,840,000,000",3.40%,"$55,120",9
Caribbean Netherlands,,,,,,,"30,675",2.60 %,777,94,328,685,40,0.00 %,219,,,,,,,,
Cayman Islands,74974,[],5.15632991974057,2022,,,"74,457",1.94 %,"1,419",310,240,896,38,0.00 %,203,,,,,,,,
Central African Republic,5398426,[],0.870251450842758,2023,1.69643629147357,2022,"5,330,690",3.46 %,"178,269",9,"622,980","-15,357",14,0.07 %,122,57.67,59.56,55.51,198,"$2,382,618,615",0.00%,$467,158
Chad,20560613,[],4.12231962001739,2023,2.92548684152958,2022,"20,299,123",5.07 %,"980,059",16,"1,259,200","204,040",16,0.25 %,65,55.24,57.19,53.36,199,"$12,704,149,842",2.24%,$688,138
Chile,19800390,[],0.218780666901552,2023,1.8339814713597,2022,"19,764,771",0.54 %,"105,936",27,"743,532","58,316",36,0.24 %,66,81.36,83.23,79.45,39,"$301,025,000,000",2.44%,"$15,395",45
China,1418111239,[],5.19999999987174,2023,1.59538074333145,2022,"1,419,321,278",-0.23 %,"-3,263,655",151,"9,388,211","-318,992",40,17.39 %,2,78.02,80.97,75.25,58,"$17,963,200,000,000",2.99%,"$12,604",2
Christmas Island,,[],,,,,,,,,,,,,,,,,,,,,
Cocos (Keeling) Islands,,[],,,,,,,,,,,,,,,,,,,,,
Colombia,53087908,[],0.612181322079849,2023,3.07910775361056,2022,"52,886,363",1.08 %,"565,211",48,"1,109,500","141,643",32,0.65 %,28,77.91,80.61,75.16,62,"$343,939,000,000",7.50%,"$6,648",43
Comoros,872676,[],2.70109357862837,2023,,,"866,628",1.91 %,"16,241",466,"1,861","-2,051",21,0.01 %,163,67.02,69.20,65.02,163,"$1,242,519,407",2.39%,"$1,489",167
Congo,6389334,[],1.90686426346754,2023,1.84718915649027,2022,"6,332,961",2.43 %,"150,076",19,"341,500","-2,491",18,0.08 %,113,66.00,67.72,64.33,172,"$14,615,532,210",1.55%,"$2,422",130
"Congo, The Democratic Republic Of The",,[],8.56086250908719,2023,0.578894366833228,2022,,,,,,,,,,,,,,,,,
Cook Islands,13552,[],,,,,"13,729",-3.47 %,-493,57,240,-505,36,0.00 %,223,,,,,,,,
Costa Rica,5138536,[],5.11192183224598,2023,,,"5,129,910",0.48 %,"24,385",100,"51,060",967,35,0.06 %,127,81.00,83.58,78.37,41,"$68,380,838,316",4.31%,"$13,456",81
Croatia,3865119,[],3.06087128780983,2023,2.16749051634117,2022,"3,875,325",-0.53 %,"-20,698",69,"55,960","-5,186",45,0.05 %,130,78.75,81.82,75.60,53,"$70,964,606,465",6.33%,"$18,163",78
Cuba,,,,,,,"10,979,783",-0.36 %,"-40,148",103,"106,440","-22,356",42,0.13 %,87,78.26,80.68,75.86,56,,,,
Curaçao,,[],7.89999999999999,2022,,,"185,482",0.03 %,55,418,444,513,38,0.00 %,190,76.99,80.96,72.66,74,,,,
Cyprus,1362942,[],2.46693496487094,2023,1.81479665162789,2022,"1,358,282",0.99 %,"13,306",147,"9,240","8,138",38,0.02 %,157,81.82,83.80,79.84,34,"$28,439,052,741",5.63%,"$21,361",103
Czech Republic (Czechia),,,,,,,"10,735,859",-0.68 %,"-73,857",139,"77,240","-86,169",43,0.13 %,89,79.97,82.75,77.18,45,"$290,924,000,000",2.46%,"$27,257",46
Czechia,10688210,[],-0.311479452106369,2023,1.35806383214179,2022,,,,,,,,,,,,,,,,,
Côte D'Ivoire,,[],6.53593302046529,2023,0.889183594972784,2022,,,,,,,,,,,,,,,,,
Côte d'Ivoire,,,,,,,"31,934,230",2.47 %,"768,576",100,"318,000","7,838",18,0.39 %,50,62.11,64.31,60.17,187,"$70,018,715,017",6.74%,"$2,304",80
DR Congo,,,,,,,"109,276,265",3.30 %,"3,486,534",48,"2,267,050","-26,968",16,1.34 %,15,62.07,64.23,59.96,188,"$58,065,953,573",8.92%,$567,85
Denmark,5986809,[],1.88961038591202,2023,1.418960371433,2022,"5,977,412",0.49 %,"29,276",141,"42,430","25,639",41,0.07 %,114,82.09,83.98,80.21,30,"$395,404,000,000",3.82%,"$66,985",39
Djibouti,1174456,[],6.67664964361434,2023,2.62758252462798,2008,"1,168,722",1.37 %,"15,778",50,"23,180",-11,25,0.01 %,160,66.20,68.74,63.73,170,,,,
Dominica,,,,,,,"66,205",-0.46 %,-305,88,750,-200,36,0.00 %,204,,,,,"$612,048,148",5.94%,"$9,159",172
Dominican Republic,11462315,[],2.36061568723294,2023,0.717637598102462,2022,"11,427,557",0.85 %,"96,292",236,"48,320","-34,806",28,0.14 %,85,73.87,77.11,70.66,106,"$113,642,000,000",4.86%,"$10,119",64
Ecuador,18193225,[],2.35521790742197,2023,2.15522186999422,2022,"18,135,478",0.86 %,"155,395",73,"248,360","-19,704",29,0.22 %,72,77.58,80.31,74.88,66,"$115,049,000,000",2.95%,"$6,455",62
Egypt,117220230,[],3.75900541919032,2023,1.06181004427704,2022,"116,538,258",1.75 %,"2,002,486",117,"995,450","123,884",24,1.43 %,13,71.81,74.01,69.65,128,"$476,748,000,000",6.59%,"$4,233",31
El Salvador,6348420,[],3.51097706608982,2023,1.32039410209497,2022,"6,338,193",0.45 %,"28,569",306,"20,720","-23,102",27,0.08 %,112,72.30,76.49,67.76,122,"$32,488,720,000",2.60%,"$5,173",98
Equatorial Guinea,1909606,[],-5.69158346431034,2023,1.09726208496911,2022,"1,892,516",2.43 %,"44,967",67,"28,050","3,891",21,0.02 %,150,63.91,65.89,62.22,179,"$11,813,908,448",3.15%,"$6,550",140
Eritrea,3562204,[],8.67980010138049,2011,20.8657453093811,2003,"3,535,603",1.88 %,"65,213",35,"101,000","-12,696",19,0.04 %,132,68.89,70.94,66.76,149,,,,
Estonia,1354408,[],-3.00559012612986,2023,2.08666579059428,2022,"1,360,546",-0.49 %,"-6,650",32,"42,390","-7,742",42,0.02 %,156,79.31,83.17,75.12,49,"$38,100,812,959",-1.29%,"$28,221",97
Eswatini,,[],4.84232085252165,2023,1.64512139394137,2022,"1,242,822",1.00 %,"12,316",72,"17,200","-6,754",22,0.02 %,159,64.26,67.11,61.32,176,"$4,854,167,638",3.91%,"$3,982",149
Ethiopia,133329023,[],6.49813464238613,2023,0.903892013953936,2022,"132,059,767",2.62 %,"3,368,075",132,"1,000,000","30,069",19,1.62 %,10,67.60,71.02,64.36,157,"$126,783,000,000",5.32%,"$1,011",60
Faeroe Islands,,,,,,,"55,400",1.25 %,686,40,"1,396",488,37,0.00 %,207,,,,,,,,
Falkland Islands,,,,,,,"3,470",-0.20 %,-7,0,"12,170",-13,42,0.00 %,231,,,,,,,,
Falkland Islands (Malvinas),,[],,,,,,,,,,,,,,,,,,,,,
Faroe Islands,,[],5.39848038908718,2022,,,,,,,,,,,,,,,,,,,
Fiji,,,,,,,"928,784",0.50 %,"4,639",51,"18,270","-3,278",28,0.01 %,161,67.46,69.54,65.47,160,"$4,943,248,200",16.12%,"$5,376",148
Finland,5619566,,,,,,"5,617,310",0.29 %,"16,125",18,"303,890","26,894",43,0.07 %,117,82.08,84.79,79.38,31,"$280,826,000,000",2.08%,"$50,424",47
France,66586858,,,,,,"66,548,530",0.17 %,"109,708",122,"547,557","90,527",42,0.82 %,23,83.46,86.20,80.59,13,"$2,782,910,000,000",2.56%,"$41,989",7
French Guiana,310441,[],,,,,"308,522",1.69 %,"5,120",4,"82,200","-1,018",25,0.00 %,184,77.18,80.15,74.33,72,,,,
French Polynesia,282057,[],4.46607459000271,2022,,,"281,807",0.25 %,689,77,"3,660","-1,261",35,0.00 %,187,84.19,86.62,81.90,4,,,,
French Southern Territories,,[],,,,,,,,,,,,,,,,,,,,,
Gabon,,,,,,,"2,538,952",2.18 %,"54,163",10,"257,670","1,105",22,0.03 %,145,68.51,71.24,66.06,152,"$21,071,739,228",3.04%,"$8,669",111
Gambia,2783114,[],5.29599663840045,2023,0.693939998753325,2022,"2,759,988",2.30 %,"62,143",273,"10,120","-2,989",18,0.03 %,144,66.06,67.75,64.35,171,"$2,273,060,863",4.92%,$862,160
Georgia,3807295,[],7.47447909383303,2023,1.43098609970017,2022,"3,807,670",0.00 %,178,55,"69,490","1,745",37,0.05 %,131,74.66,79.23,69.75,101,"$24,605,375,420",10.11%,"$6,484",107
Germany,84373019,[],-0.304934575740816,2023,1.39005500959653,2022,"84,552,242",0.00 %,"4,011",243,"348,560","36,954",45,1.04 %,19,81.54,83.88,79.21,36,"$4,072,190,000,000",1.79%,"$48,429",4
Ghana,,,,,,,"34,427,414",1.89 %,"639,500",151,"227,540","-13,114",21,0.42 %,46,65.70,68.16,63.31,173,"$72,838,798,788",3.24%,"$2,197",75
Gibraltar,39628,[],,,,,"39,329",2.23 %,858,"3,933",10,598,39,0.00 %,215,,,,,,,,
Greece,10006816,[],2.01152094343999,2023,3.69207449516864,2022,"10,047,817",-1.90 %,"-195,091",78,"128,900","-122,772",46,0.12 %,95,82.03,84.46,79.50,32,"$219,066,000,000",5.91%,"$21,039",54
Greenland,55806,,,,,,"55,840",-0.15 %,-82,0,"410,450",-284,35,0.00 %,206,,,,,,,,
Grenada,,,,,,,"117,207",0.11 %,126,345,340,-192,34,0.00 %,195,75.37,78.50,72.52,93,"$1,256,413,185",5.80%,"$10,747",166
Guadeloupe,374615,[],,,,,"375,106",-0.37 %,"-1,411",222,"1,690","-1,765",47,0.00 %,180,82.24,85.65,78.35,28,,,,
Guam,168236,[],5.09986426216793,2022,,,"167,777",0.76 %,"1,271",311,540,-504,31,0.00 %,192,77.42,81.59,73.66,69,,,,
Guatemala,18511423,[],3.48448472740903,2023,0.462491769474559,2022,"18,406,359",1.55 %,"281,521",172,"107,160","-7,725",23,0.23 %,70,72.75,75.04,70.44,117,"$95,003,333,381",4.12%,"$5,323",67
Guernsey,,[],,,,,,,,,,,,,,,,,,,,,
Guinea,,,,,,,"14,754,785",2.42 %,"349,317",60,"245,720","-12,024",18,0.18 %,75,60.90,62.09,59.66,193,"$21,227,749,389",4.70%,"$1,510",110
Guinea Bissau,2219290,[],4.24828229733396,2023,1.6147644517108,2022,,,,,,,,,,,,,,,,,
Guinea-Bissau,,,,,,,"2,201,352",2.23 %,"48,013",78,"28,120","-1,712",19,0.03 %,148,64.25,66.55,61.82,177,"$1,633,559,092",3.50%,$776,163
Guyana,832924,[],33.0168829873529,2023,0.569847554986499,2022,"831,087",0.57 %,"4,734",4,"196,850","-5,407",26,0.01 %,164,70.32,74.09,66.62,140,"$15,357,537,068",57.80%,"$18,691",128
Haiti,11822459,,,,,,"11,772,557",1.16 %,"135,159",427,"27,560","-31,747",24,0.14 %,82,65.12,68.49,61.90,174,"$20,253,551,885",-1.68%,"$1,761",114
Heard Island And Mcdonald Islands,,[],,,,,,,,,,,,,,,,,,,,,
Holy See,,,,,,,496,0.00 %,0,"1,240",0,18,59,0.00 %,234,,,,,,,,
Holy See (Vatican City State),,[],,,,,,,,,,,,,,,,,,,,,
Honduras,10892905,[],3.58260362632656,2023,1.52909744390138,2022,"10,825,703",1.70 %,"180,852",97,"111,890","-4,821",24,0.13 %,88,73.04,75.67,70.49,114,"$31,717,700,115",4.00%,"$3,031",99
Hong Kong,,[],3.21505497011667,2023,,,"7,414,909",-0.37 %,"-27,825","7,062","1,050","-19,272",47,0.09 %,105,85.63,88.26,82.97,1,"$359,839,000,000",-3.48%,"$48,198",42
Hungary,9659674,,,,,,"9,676,135",-0.11 %,"-10,328",107,"90,530","16,223",44,0.12 %,96,77.18,80.33,73.89,73,"$178,789,000,000",4.58%,"$18,462",57
Iceland,395219,[],4.06379899045474,2023,,,"393,396",1.51 %,"5,838",4,"100,250","3,543",36,0.00 %,179,83.01,84.47,81.63,17,"$27,841,648,044",6.44%,"$73,199",105
India,1455770871,[],7.58397112433558,2023,2.42522711696615,2022,"1,450,935,791",0.89 %,"12,866,195",488,"2,973,190","-630,830",28,17.78 %,1,72.24,73.86,70.73,123,"$3,385,090,000,000",7.00%,"$2,375",5
Indonesia,,,,,,,"283,487,931",0.82 %,"2,297,864",156,"1,811,570","-38,469",30,3.47 %,4,71.29,73.43,69.16,135,"$1,319,100,000,000",5.31%,"$4,731",16
Iran,,,,,,,"91,567,738",1.06 %,"959,031",56,"1,628,550","190,156",33,1.12 %,17,77.85,79.81,76.00,63,"$388,544,000,000",2.75%,"$4,340",40
"Iran, Islamic Republic Of",,[],4.9521631690814,2023,2.5858676814208,2022,,,,,,,,,,,,,,,,,
Iraq,46406633,[],-2.93555773971221,2023,1.6669677433245,2022,"46,042,015",2.15 %,"967,966",106,"434,320","-17,735",21,0.56 %,34,72.42,74.18,70.50,121,"$264,182,000,000",7.01%,"$5,995",48
Ireland,,,,,,,"5,255,017",1.12 %,"58,387",76,"68,890","39,059",39,0.06 %,124,82.58,84.61,80.58,21,"$529,245,000,000",11.97%,"$103,570",26
Isle Of Man,,,,,,,,,,,,,,,,,,,,,,,
Isle of Man,,,,,,,"84,160",-0.01 %,-5,148,570,177,46,0.00 %,201,,,,,,,,
Israel,9435619,[],1.99703998799328,2023,4.51139144256367,2022,"9,387,021",1.41 %,"130,707",434,"21,640","10,612",29,0.12 %,98,82.73,84.71,80.67,19,"$522,033,000,000",6.46%,"$57,346",27
Italy,59269066,[],0.920692213760276,2023,1.67909233846156,2022,"59,342,867",-0.26 %,"-156,586",202,"294,140","95,246",48,0.73 %,25,83.87,85.87,81.75,7,"$2,010,430,000,000",3.67%,"$33,721",10
Jamaica,2838392,[],2.20006147233049,2023,1.31337260079363,2022,"2,839,175",-0.02 %,-611,262,"10,830","-10,506",32,0.03 %,142,71.61,74.15,69.08,131,"$17,097,760,745",4.20%,"$6,022",123
Japan,123509054,[],1.92305553064716,2023,1.07773443701688,2022,"123,753,041",-0.50 %,"-617,906",339,"364,555","153,357",49,1.52 %,12,84.85,87.88,81.83,2,"$4,231,140,000,000",1.03%,"$33,850",3
Jersey,,[],,,,,,,,,,,,,,,,,,,,,
Jordan,11540794,[],2.61548743021307,2023,4.84048780209003,2022,"11,552,876",0.99 %,"113,663",130,"88,780","-156,369",25,0.14 %,84,77.98,80.34,75.89,59,"$47,451,499,859",2.50%,"$4,216",87
Kazakhstan,20686406,[],5.09999999973641,2023,0.509364389357752,2022,"20,592,571",1.29 %,"262,467",8,"2,699,700","-7,368",30,0.25 %,64,74.53,78.52,70.27,104,"$220,623,000,000",3.20%,"$11,012",53
Kenya,56842790,[],5.42581615130304,2023,1.00120092261,2022,"56,432,944",1.98 %,"1,093,941",99,"569,140","-19,781",20,0.69 %,26,63.83,66.12,61.64,181,"$113,420,000,000",4.85%,"$2,091",65
Kiribati,135255,,,,,,"134,518",1.50 %,"1,988",166,810,-471,23,0.00 %,193,66.60,68.32,64.69,164,"$223,352,943",1.56%,"$1,712",176
"Korea, Democratic People'S Republic Of",,[],,,,,,,,,,,,,,,,,,,,,
"Korea, Republic Of",,[],1.35673324311098,2023,2.7177456962085,2022,,,,,,,,,,,,,,,,,
Kuwait,4968653,[],-2.23009346286686,2023,4.53134521182107,2022,"4,934,507",1.98 %,"95,725",277,"17,820","61,624",35,0.06 %,128,80.60,82.00,79.45,43,"$184,558,000,000",8.18%,"$40,213",56
Kyrgyzstan,7226701,[],6.15139183716032,2023,1.47880865000304,2022,"7,186,009",1.59 %,"112,493",37,"191,800","3,645",25,0.09 %,107,71.82,75.40,68.31,127,"$10,930,644,915",7.02%,"$1,571",141
Lao People'S Democratic Republic,,[],3.74568140158232,2023,0.189895181780941,2013,,,,,,,,,,,,,,,,,
Laos,,,,,,,"7,769,819",1.37 %,"104,826",34,"230,800","-10,284",25,0.10 %,103,69.23,71.53,67.02,146,"$15,724,383,783",2.71%,"$2,080",126
Latvia,1864982,[],-0.2825395584007,2023,2.04986513456443,2022,"1,871,871",-0.56 %,"-10,525",30,"62,200","-2,225",43,0.02 %,151,76.33,80.60,71.75,82,"$41,153,912,663",1.98%,"$21,878",95
Lebanon,5822220,[],-0.621678970663112,2022,3.36622246400457,2021,"5,805,962",0.56 %,"32,469",568,"10,230","-17,267",29,0.07 %,116,77.95,79.86,75.88,60,,,,
Lesotho,2347103,[],0.898149777798736,2023,1.46633375643663,2022,"2,337,423",1.12 %,"25,951",77,"30,360","-5,107",22,0.03 %,147,57.80,60.44,55.03,196,"$2,553,459,763",0.59%,"$1,117",157
Liberia,5656929,[],4.71102538380681,2023,1.26514347454168,2022,"5,612,817",2.18 %,"119,786",58,"96,320","-7,779",19,0.07 %,118,62.32,63.63,61.02,186,"$4,001,047,150",4.81%,$745,150
Libya,7410004,[],-1.67258994589184,2023,15.4795763013832,2014,"7,381,023",1.03 %,"75,364",4,"1,759,540","3,448",27,0.09 %,106,71.12,72.68,69.63,136,"$45,752,336,036",-1.24%,"$6,334",89
Liechtenstein,39967,[],-1.15748291975636,2009,,,"39,870",0.69 %,272,249,160,206,44,0.00 %,213,,,,,,,,
Lithuania,2848211,[],-0.336086244470295,2023,2.52262366538611,2022,"2,859,110",0.18 %,"5,011",46,"62,674","2,617",42,0.04 %,141,76.17,80.80,71.42,85,"$70,334,299,008",1.89%,"$24,969",79
Luxembourg,675809,[],-1.09572361576994,2023,0.700406724896945,2022,"673,036",1.19 %,"7,938",260,"2,590","5,677",39,0.01 %,168,82.36,83.94,80.75,24,"$82,274,812,251",1.55%,"$125,935",69
Macao,,[],80.5342159956893,2023,,,"720,262",0.89 %,"6,350","24,009",30,"1,620",39,0.01 %,167,83.23,85.35,81.05,15,"$21,979,475,561",-26.76%,"$31,205",109
Madagascar,32253698,[],3.9853710126696,2023,0.651003969501107,2022,"31,964,956",2.47 %,"769,024",55,"581,795","-1,795",19,0.39 %,49,63.84,65.60,62.12,180,"$14,954,967,604",3.80%,$491,129
Malawi,21863951,[],1.53964171231864,2023,0.636293160064403,2022,"21,655,286",2.61 %,"550,804",230,"94,280","-1,507",18,0.27 %,62,67.56,70.77,64.27,158,"$13,164,667,627",0.92%,$640,135
Malaysia,,,,,,,"35,557,673",1.23 %,"431,375",108,"328,550","174,770",31,0.44 %,44,76.82,79.52,74.45,76,"$406,306,000,000",8.69%,"$11,711",36
Maldives,528504,,,,,,"527,799",0.34 %,"1,805","1,759",300,"-2,421",32,0.01 %,173,81.29,83.00,79.95,40,"$6,189,865,408",12.30%,"$11,810",145
Mali,24746262,[],5.23657752778519,2023,2.83404367131954,2022,"24,478,595",2.98 %,"709,468",20,"1,220,190","-46,880",16,0.30 %,58,60.68,62.15,59.25,194,"$18,827,176,532",3.69%,$816,119
Malta,,,,,,,"539,607",1.25 %,"6,651","1,686",320,"6,323",41,0.01 %,172,83.47,85.39,81.48,11,"$17,765,270,015",6.85%,"$33,634",121
Marshall Islands,37069,[],3.22599899400625,2023,,,"37,548",-3.29 %,"-1,279",209,180,"-1,765",21,0.00 %,217,,,,,"$279,667,900",1.50%,"$6,978",175
Martinique,,,,,,,"343,195",-0.81 %,"-2,807",324,"1,060","-2,744",49,0.00 %,181,82.74,85.73,79.45,18,,,,
Mauritania,5223559,[],3.38355519096352,2023,2.27396340852315,2022,"5,169,395",2.93 %,"146,954",5,"1,030,700","-2,185",17,0.06 %,126,68.71,70.73,66.70,151,"$10,375,460,680",5.20%,"$2,128",143
Mauritius,1270085,[],6.95228798595431,2023,0.166673188359335,2022,"1,271,169",-0.19 %,"-2,419",626,"2,030","-2,787",37,0.02 %,158,75.10,78.34,72.11,95,"$12,898,307,089",8.69%,"$10,107",136
Mayotte,330409,[],,,,,"326,505",3.32 %,"10,490",871,375,108,17,0.00 %,183,76.24,78.51,74.27,83,,,,
Mexico,,,,,,,"130,861,007",0.86 %,"1,121,248",67,"1,943,950","-104,581",29,1.60 %,11,75.26,78.00,72.44,94,"$1,414,190,000,000",3.06%,"$10,996",14
Micronesia,,,,,,,"526,923",0.32 %,"1,683",753,700,"-5,076",26,0.01 %,174,71.64,74.61,68.82,130,"$427,094,119",-0.62%,$816,174
"Micronesia, Federated States Of",,[],0.784313725490193,2023,,,,,,,,,,,,,,,,,,,
Moldova,,,,,,,"3,034,961",-1.05 %,"-32,109",92,"32,850","-27,088",38,0.04 %,138,71.33,75.67,66.70,134,"$14,420,947,884",-5.95%,"$4,744",131
"Moldova, Republic Of",,[],0.78324270969388,2023,0.315219358256148,2022,,,,,,,,,,,,,,,,,
Monaco,38521,[],11.0968262747971,2022,,,"38,631",-0.83 %,-325,"25,927",1,110,54,0.00 %,216,,,,,,,,
Mongolia,3491069,[],7.02299187499851,2023,0.603063250173256,2022,"3,475,540",1.27 %,"43,608",2,"1,553,560",83,27,0.04 %,133,71.99,76.66,67.49,124,"$16,810,883,361",4.85%,"$4,965",124
Montenegro,,,,,,,"638,479",0.78 %,"4,927",47,"13,450","-1,686",40,0.01 %,169,77.25,80.45,73.92,71,"$6,095,978,868",6.09%,"$9,918",146
Montserrat,4379,[],,,,,"4,389",-0.70 %,-31,44,100,-7,42,0.00 %,230,,,,,,,,
Morocco,,,,,,,"38,081,173",0.98 %,"368,668",85,"446,300","-46,802",30,0.47 %,40,75.49,77.78,73.35,92,"$134,182,000,000",1.08%,"$3,595",59
Mozambique,35003436,,,,,,"34,631,766",2.96 %,"996,606",44,"786,380","-38,940",16,0.42 %,45,63.80,66.74,60.49,183,"$17,851,491,428",4.15%,$547,120
Myanmar,54631300,[],1.00223834289773,2023,3.04694924417989,2022,"54,500,091",0.68 %,"366,293",83,"653,290","-37,979",30,0.67 %,27,67.10,70.38,63.99,162,"$59,364,362,541",3.00%,"$1,104",84
Namibia,3053492,[],4.1599857377939,2023,3.0043137723859,2022,"3,030,131",2.26 %,"67,036",4,"823,290","4,211",21,0.04 %,139,67.52,71.48,63.45,159,"$12,607,436,976",4.56%,"$4,363",139
Nauru,11980,,,,,,"11,947",0.61 %,72,597,20,-121,20,0.00 %,224,,,,,,,,
Nepal,29638695,[],1.95254463264347,2023,1.13585458892798,2022,"29,651,054",-0.15 %,"-43,560",207,"143,350","-401,282",25,0.36 %,51,70.64,72.14,69.09,139,"$40,828,247,302",5.61%,"$1,374",96
Netherlands,18272938,[],0.116008634532122,2023,1.58328113846348,2022,"18,228,742",0.75 %,"136,218",541,"33,720","121,628",41,0.22 %,71,82.30,83.85,80.72,25,"$991,115,000,000",4.48%,"$55,356",18
New Caledonia,293646,[],3.49999999631376,2022,,,"292,639",0.96 %,"2,769",16,"18,280",455,34,0.00 %,185,78.92,81.41,76.46,51,,,,
New Zealand,5228145,,,,,,"5,213,944",0.79 %,"41,108",20,"263,310","18,766",38,0.06 %,125,82.25,83.89,80.60,27,"$247,234,000,000",2.16%,"$48,177",50
Nicaragua,6950265,,,,,,"6,916,140",1.36 %,"92,527",57,"120,340","-8,189",26,0.08 %,109,75.10,77.58,72.46,96,"$15,671,583,878",3.75%,"$2,328",127
Niger,,,,,,,"27,032,412",3.34 %,"872,545",21,"1,266,700","-4,041",15,0.33 %,54,61.43,62.41,60.49,190,"$13,969,605,583",11.50%,$552,132
Nigeria,234486168,[],2.86021499108364,2023,0.635544551107252,2022,"232,679,478",2.10 %,"4,796,533",255,"910,770","-35,202",18,2.85 %,6,54.64,54.94,54.33,200,"$477,386,000,000",3.25%,"$2,139",30
Niue,1820,[],,,,,"1,819",0.11 %,2,7,260,10,36,0.00 %,233,,,,,,,,
Norfolk Island,,[],,,,,,,,,,,,,,,,,,,,,
North Korea,,,,,,,"26,498,823",0.31 %,"80,619",220,"120,410","-2,473",36,0.32 %,56,73.74,75.88,71.55,108,,,,
North Macedonia,1819547,[],1.0274151354263,2023,1.60534290001473,2022,"1,823,009",-0.48 %,"-8,793",72,"25,220","-5,728",41,0.02 %,152,77.54,79.71,75.26,68,"$13,563,132,057",2.15%,"$7,370",133
Northern Mariana Islands,44001,[],-29.6808510638298,2020,,,"44,278",-1.92 %,-865,96,460,"-1,097",37,0.00 %,211,,,,,,,,
Norway,5594022,[],0.514118226595343,2023,1.63766554089693,2022,"5,576,660",1.04 %,"57,493",15,"365,268","44,356",40,0.07 %,119,83.46,84.97,81.94,12,"$579,267,000,000",3.28%,"$106,155",24
Oman,5360499,,,,,,"5,281,538",4.60 %,"232,269",17,"309,500","154,219",29,0.06 %,123,80.25,82.05,78.72,44,"$114,667,000,000",4.31%,"$24,241",63
Pakistan,252743617,[],-0.00485526939898762,2023,2.63074028023171,2022,"251,269,164",1.52 %,"3,764,669",326,"770,880","-1,401,173",20,3.08 %,5,67.80,70.32,65.46,156,"$376,533,000,000",6.19%,"$1,545",41
Palau,17685,[],0.448430493273634,2023,,,"17,695",-0.18 %,-32,38,460,-14,38,0.00 %,221,,,,,,,,
"Palestine, State Of",,[],-5.50879437160218,2023,,,,,,,,,,,,,,,,,,,
Panama,4536358,[],7.31677741654941,2023,0.974136501313688,1999,"4,515,577",1.27 %,"56,818",61,"74,340","6,706",30,0.06 %,129,79.78,82.71,76.88,47,"$76,522,511,781",10.81%,"$17,388",72
Papua New Guinea,10646004,,,,,,"10,576,502",1.80 %,"186,867",23,"452,860",-707,23,0.13 %,92,66.26,69.21,63.84,169,"$30,633,444,295",4.60%,"$3,002",100
Paraguay,6960513,,,,,,"6,929,153",1.24 %,"85,007",17,"397,300","-12,451",27,0.08 %,108,73.98,77.09,71.01,105,"$41,722,295,362",0.08%,"$6,172",94
Peru,34351997,[],-0.55018230632048,2023,1.15356717784348,2022,"34,217,848",1.10 %,"372,231",27,"1,280,000","18,406",30,0.42 %,47,77.94,80.30,75.63,61,"$242,632,000,000",2.68%,"$7,248",51
Philippines,116196581,,,,,,"115,843,670",0.83 %,"952,471",389,"298,170","-160,373",26,1.42 %,14,69.95,72.96,66.99,142,"$404,284,000,000",7.57%,"$3,547",38
Pitcairn,,[],,,,,,,,,,,,,,,,,,,,,
Poland,38389325,,,,,,"38,539,201",-0.58 %,"-223,643",126,"306,230","-238,062",42,0.47 %,39,78.81,82.49,75.10,52,"$688,177,000,000",4.87%,"$17,928",21
Portugal,10420239,[],2.26125478073125,2023,1.35438934019624,2022,"10,425,292",-0.05 %,"-5,446",114,"91,590","20,648",47,0.13 %,93,82.55,85.25,79.68,22,"$251,945,000,000",6.69%,"$24,186",49
Puerto Rico,3239606,[],0.563519426800866,2023,,,"3,242,204",0.01 %,181,366,"8,870","11,561",45,0.04 %,135,81.90,85.38,78.28,33,,,,
Qatar,3073554,[],4.20887124812552,2022,6.96216611853725,2022,"3,048,423",2.33 %,"69,341",263,"11,610","46,105",34,0.04 %,137,82.52,83.48,81.78,23,"$237,296,000,000",4.83%,"$82,040",52
Romania,18975095,[],2.14847699574527,2023,1.73054506592533,2022,"19,015,088",-0.54 %,"-103,391",83,"230,170","-28,466",43,0.23 %,67,76.09,79.68,72.56,86,"$301,262,000,000",4.79%,"$15,718",44
Russia,,,,,,,"144,820,423",-0.43 %,"-620,077",9,"16,376,870","-178,042",40,1.77 %,9,73.34,79.19,67.48,111,"$2,240,420,000,000",-2.07%,"$15,390",8
Russian Federation,,[],3.60000000000001,2023,4.05631633246717,2022,,,,,,,,,,,,,,,,,
Rwanda,14373093,,,,,,"14,256,567",2.16 %,"302,096",578,"24,670","-15,582",20,0.17 %,77,68.02,70.14,65.71,154,"$13,312,796,765",8.16%,$975,134
Réunion,,[],,,,,"878,591",0.42 %,"3,708",351,"2,500","-2,931",38,0.01 %,162,83.67,86.45,80.67,10,,,,
Saint Barthelemy,,,,,,,"11,258",1.56 %,173,536,21,180,39,0.00 %,226,,,,,,,,
Saint Barthélemy,,[],,,,,,,,,,,,,,,,,,,,,
Saint Helena,,,,,,,"5,237",-0.98 %,-52,13,390,4,51,0.00 %,229,,,,,,,,
"Saint Helena, Ascension And Tristan Da Cunha",,[],,,,,,,,,,,,,,,,,,,,,
Saint Kitts & Nevis,,,,,,,"46,843",0.18 %,85,180,260,-7,36,0.00 %,208,,,,,"$961,563,259",9.00%,"$20,586",169
Saint Kitts And Nevis,46870,[],3.43115229343,2023,,,,,,,,,,,,,,,,,,,
Saint Lucia,179894,[],3.19000999999997,2023,,,"179,744",0.26 %,459,295,610,-7,34,0.00 %,191,72.85,76.45,69.45,116,"$2,065,027,556",15.40%,"$11,551",161
Saint Martin,,,,,,,"26,129",-5.04 %,"-1,386",493,53,"-1,424",41,0.00 %,220,,,,,,,,
Saint Martin (French Part),,[],4.89999967133534,2021,,,,,,,,,,,,,,,,,,,
Saint Pierre & Miquelon,,,,,,,"5,628",-0.93 %,-53,24,230,-2,47,0.00 %,228,,,,,,,,
Saint Pierre And Miquelon,5607,[],,,,,,,,,,,,,,,,,,,,,
Saint Vincent And The Grenadines,100357,[],6.01610914506236,2023,,,,,,,,,,,,,,,,,,,
Samoa,218503,[],7.99198264387498,2023,,,"218,019",0.63 %,"1,356",77,"2,830","-2,754",20,0.00 %,189,71.83,73.82,69.96,126,"$832,421,565",-6.02%,"$3,867",171
San Marino,33576,[],8.46307184428878,2021,,,"33,581",-0.45 %,-152,560,60,37,48,0.00 %,218,,,,,,,,
Sao Tome & Principe,,,,,,,"235,536",2.02 %,"4,665",245,960,-604,19,0.00 %,188,69.91,73.91,66.41,143,"$546,680,342",0.93%,"$2,416",173
Sao Tome And Principe,237296,[],-0.4744429516048,2023,,,,,,,,,,,,,,,,,,,
Saudi Arabia,34187910,[],-0.754914810584665,2023,7.42273250452989,2022,"33,962,757",2.10 %,"698,465",16,"2,149,690","122,170",30,0.42 %,48,78.98,81.33,77.33,50,"$1,108,150,000,000",8.74%,"$34,441",17
Senegal,18662110,[],3.69999636052071,2023,1.57213470423859,2022,"18,501,984",2.35 %,"424,411",96,"192,530","-10,307",19,0.23 %,69,68.92,71.01,67.01,148,"$27,684,430,244",4.15%,"$1,568",106
Serbia,,,,,,,"6,736,216",-0.55 %,"-36,985",77,"87,460","-8,132",44,0.08 %,111,76.94,80.18,73.68,75,"$63,501,748,652",2.25%,"$9,351",82
Seychelles,131300,[],3.16171435490999,2023,1.38078631653398,2022,"130,418",1.93 %,"2,467",284,460,"1,747",34,0.00 %,194,72.99,76.66,70.08,115,"$1,588,406,479",8.80%,"$12,654",165
Sierra Leone,,,,,,,"8,642,022",2.15 %,"181,510",120,"72,180","-11,000",19,0.11 %,102,61.96,63.70,60.23,189,"$3,970,343,852",3.50%,$480,151
Singapore,5846749,[],1.07503175095101,2023,2.77056626777816,2022,"5,832,387",0.75 %,"43,297","8,332",700,"20,011",36,0.07 %,115,83.86,86.36,81.38,8,"$466,789,000,000",3.65%,"$82,619",33
Sint Maarten,,,,,,,"43,350",1.41 %,601,"1,275",34,558,42,0.00 %,212,,,,,,,,
Sint Maarten (Dutch Part),,[],3.40000000000001,2023,,,,,,,,,,,,,,,,,,,
Slovakia,5494780,[],1.59645497115139,2023,1.75731102032193,2022,"5,506,760",-0.20 %,"-11,295",115,"48,088","-21,027",42,0.07 %,120,78.49,81.71,75.21,54,"$115,469,000,000",1.67%,"$21,097",61
Slovenia,2118088,,,,,,"2,118,697",0.01 %,301,105,"20,140","3,319",44,0.03 %,149,81.78,84.47,79.11,35,"$62,117,768,015",5.37%,"$29,367",83
Solomon Islands,826442,[],2.95008536339103,2023,,,"819,198",2.40 %,"19,193",29,"27,990","1,610",20,0.01 %,165,70.69,72.18,69.36,138,"$1,595,710,784",-4.06%,"$2,043",164
Somalia,19248791,[],3.1029619961507,2023,1.52999213555444,1989,"19,009,151",3.54 %,"650,536",30,"627,340","26,859",16,0.23 %,68,58.97,61.55,56.49,195,,,,
South Africa,64283850,[],0.601662303103254,2023,0.739893648166575,2022,"64,007,187",1.26 %,"794,803",53,"1,213,090","166,972",28,0.78 %,24,66.31,69.79,62.78,167,"$405,870,000,000",2.04%,"$6,507",37
South Georgia And The South Sandwich Islands,,[],,,,,,,,,,,,,,,,,,,,,
South Korea,,,,,,,"51,717,590",-0.06 %,"-31,149",532,"97,230","75,963",45,0.63 %,29,84.43,87.28,81.32,3,"$1,665,250,000,000",2.56%,"$32,159",13
South Sudan,12034870,[],-10.7933646271143,2015,3.0210780434718,2022,"11,943,408",4.01 %,"460,034",20,"610,952","15,374",18,0.15 %,81,57.74,60.75,54.76,197,,,,
Spain,,,,,,,"47,910,526",0.00 %,"-1,053",96,"498,800","111,674",45,0.59 %,32,83.80,86.44,81.10,9,"$1,397,510,000,000",5.45%,"$29,219",15
Sri Lanka,23150705,[],-2.29804511164436,2023,1.43043206686897,2022,"23,103,565",0.57 %,"131,948",368,"62,710","-27,245",33,0.28 %,61,77.67,80.75,74.45,65,"$74,403,578,363",-7.82%,"$3,258",74
St. Vincent & Grenadines,,,,,,,"100,616",-0.70 %,-707,258,390,-737,34,0.00 %,198,71.38,74.48,68.78,133,"$948,558,503",4.95%,"$9,295",170
State of Palestine,,,,,,,"5,495,443",1.59 %,"86,241",913,"6,020","-23,145",20,0.07 %,121,69.21,74.25,65.22,147,"$19,111,900,000",3.93%,"$3,602",116
Sudan,50900645,[],-12.0467791968043,2023,0.915918757058143,2021,"50,448,963",0.81 %,"406,172",29,"1,765,048","-544,257",18,0.62 %,30,66.52,69.83,63.45,166,"$51,662,241,775",-0.95%,"$1,046",86
Suriname,,,,,,,"634,431",0.88 %,"5,545",4,"156,000","-1,166",28,0.01 %,170,73.76,76.98,70.60,107,"$3,620,655,116",1.89%,"$5,810",152
Svalbard And Jan Mayen,,[],,,,,,,,,,,,,,,,,,,,,
Sweden,10625590,[],-0.196170994604543,2023,1.30746311852624,2022,"10,606,999",0.53 %,"55,505",26,"410,340","50,115",40,0.13 %,90,83.42,85.22,81.65,14,"$585,939,000,000",2.64%,"$55,871",23
Switzerland,8938985,[],0.716066868695833,2023,0.764653391906917,2022,"8,921,981",0.58 %,"51,420",226,"39,516","40,099",43,0.11 %,101,84.09,85.95,82.17,5,"$807,706,000,000",2.06%,"$91,866",20
Syria,,,,,,,"24,672,760",4.57 %,"1,078,137",134,"183,630","546,494",23,0.30 %,57,72.56,74.92,70.21,119,,,,
Syrian Arab Republic,,[],1.29973808951831,2021,4.05614173609585,2010,,,,,,,,,,,,,,,,,
Taiwan,,,,,,,"23,213,962",-0.44 %,"-103,183",656,"35,410","-25,832",44,0.28 %,60,80.75,83.75,77.86,42,,,,
"Taiwan, Province Of China",,[],,,,,,,,,,,,,,,,,,,,,
Tajikistan,,,,,,,"10,590,927",1.94 %,"201,128",76,"139,960","-21,236",22,0.13 %,91,71.93,74.14,69.68,125,"$10,492,123,388",8.00%,"$1,030",142
Tanzania,,,,,,,"68,560,157",2.92 %,"1,942,551",77,"885,800","-29,865",17,0.84 %,22,67.21,70.00,64.40,161,"$75,709,289,056",4.56%,"$1,170",73
"Tanzania, United Republic Of",,[],5.18805639154843,2023,1.092190045588,2022,,,,,,,,,,,,,,,,,
Thailand,,,,,,,"71,668,011",-0.05 %,"-34,424",140,"510,890","23,321",40,0.88 %,20,76.56,80.98,72.34,78,"$495,341,000,000",2.59%,"$6,905",29
Timor Leste,1407321,[],-14.358356988559,2023,1.10708519569663,2022,,,,,,,,,,,,,,,,,
Timor-Leste,,,,,,,"1,400,638",1.18 %,"16,352",94,"14,870","-2,552",21,0.02 %,155,67.90,69.67,66.27,155,"$3,163,324,631",-17.49%,"$2,310",154
Togo,9592135,[],6.40792215636242,2023,5.44192262318708,2022,"9,515,236",2.27 %,"210,899",175,"54,390","-14,014",19,0.12 %,97,62.93,63.15,62.70,185,"$8,126,439,481",5.81%,$894,144
Tokelau,2547,[],,,,,"2,506",4.55 %,109,251,10,72,27,0.00 %,232,,,,,,,,
Tonga,104015,[],-2.0115205630506,2022,,,"104,175",-0.40 %,-422,145,720,"-2,149",21,0.00 %,197,73.07,76.54,69.50,113,,,,
Trinidad And Tobago,1509047,[],2.10324544981324,2023,0.716467302343877,2022,,,,,,,,,,,,,,,,,
Trinidad and Tobago,,,,,,,"1,507,782",0.32 %,"4,850",294,"5,130","1,334",37,0.02 %,154,73.62,76.83,70.51,110,"$27,899,082,337",2.48%,"$18,650",104
Tunisia,12303868,[],0.423648407741425,2023,2.47677866774635,2022,"12,277,109",0.63 %,"76,678",79,"155,360","-15,221",33,0.15 %,80,76.71,79.33,74.13,77,"$46,664,948,952",2.52%,"$3,850",88
Turkey,,,,,,,"87,473,805",0.23 %,"203,304",114,"769,630","-275,952",33,1.07 %,18,77.42,80.34,74.62,70,"$905,988,000,000",5.57%,"$10,407",19
Turkmenistan,,,,,,,"7,494,498",1.77 %,"130,060",16,"469,930","14,646",27,0.09 %,104,70.20,73.01,67.00,141,,,,
Turks And Caicos Islands,46660,[],1.19999674543642,2023,,,,,,,,,,,,,,,,,,,
Turks and Caicos,,,,,,,"46,535",0.73 %,337,49,950,176,39,0.00 %,210,,,,,,,,
Tuvalu,9590,[],3.85280919517032,2023,,,"9,646",-1.73 %,-170,322,30,-280,24,0.00 %,227,,,,,"$60,349,391",0.68%,"$6,040",177
Türkiye,,[],4.5168665079849,2023,1.23348554849601,2022,,,,,,,,,,,,,,,,,
U.S. Virgin Islands,,,,,,,"84,905",-0.93 %,-796,243,350,-420,45,0.00 %,200,75.70,81.48,70.73,90,,,,
Uganda,50524618,[],5.23187410562045,2023,2.06007852417852,2022,"50,015,092",2.79 %,"1,358,491",250,"199,810","-117,924",17,0.61 %,31,68.49,71.37,65.49,153,"$45,559,202,049",4.65%,$963,90
Ukraine,38276609,[],5.3,2023,33.5465729986209,2022,"37,860,221",0.34 %,"127,385",65,"579,320","1,146,012",42,0.46 %,42,74.69,79.39,69.79,100,"$160,503,000,000",-29.10%,"$3,910",58
United Arab Emirates,11145603,[],3.40385720609487,2023,5.64365135247024,2014,"11,027,129",3.62 %,"385,048",132,"83,600","278,439",32,0.14 %,86,83.07,84.32,82.17,16,"$507,535,000,000",7.41%,"$49,554",28
United Kingdom,,[],0.104017849159277,2023,2.22718397866051,2022,"69,138,192",0.66 %,"455,230",286,"241,930","417,114",40,0.85 %,21,81.45,83.33,79.54,37,"$3,070,670,000,000",4.10%,"$45,038",6
United States,,[],2.54270029878489,2023,3.45491979773439,2022,"345,426,571",0.57 %,"1,949,236",38,"9,147,420","1,286,132",38,4.23 %,3,79.46,81.98,77.05,48,"$25,462,700,000,000",2.06%,"$74,554",1
United States Minor Outlying Islands,,[],,,,,,,,,,,,,,,,,,,,,
Uruguay,,,,,,,"3,386,588",-0.04 %,"-1,493",19,"175,020","-1,348",36,0.04 %,134,78.29,82.04,74.38,55,"$71,177,146,197",4.92%,"$20,991",77
Uzbekistan,36619769,[],5.98897580604036,2023,3.5554825523167,2018,"36,361,859",1.99 %,"709,552",85,"425,400","-7,066",27,0.45 %,43,72.53,75.55,69.56,120,"$80,391,853,885",5.67%,"$2,301",70
Vanuatu,330533,[],2.21294177094788,2023,,,"327,777",2.30 %,"7,368",27,"12,190",-43,20,0.00 %,182,71.65,74.11,69.59,129,"$983,582,865",1.85%,"$3,142",168
Venezuela,,,,,,,"28,405,543",0.37 %,"104,689",32,"882,050","-105,297",29,0.35 %,53,72.67,76.66,68.89,118,,,,
"Venezuela, Bolivarian Republic Of",,[],-3.89438647450662,2014,0.649886788939365,2022,,,,,,,,,,,,,,,,,
Viet Nam,,[],5.04643073618749,2023,2.28456986005062,2018,,,,,,,,,,,,,,,,,
Vietnam,,,,,,,"100,987,686",0.63 %,"635,494",326,"310,070","-59,645",33,1.24 %,16,74.74,79.38,70.05,98,"$408,802,000,000",8.02%,"$4,101",35
"Virgin Islands, British",,[],,,,,,,,,,,,,,,,,,,,,
"Virgin Islands, U.S.",,[],2.85420416559528,2021,,,,,,,,,,,,,,,,,,,
Wallis & Futuna,,,,,,,"11,277",-0.82 %,-93,81,140,-93,38,0.00 %,225,,,,,,,,
Wallis And Futuna,,[],,,,,,,,,,,,,,,,,,,,,
Western Sahara,,,,,,,"590,506",1.86 %,"10,777",2,"266,000","5,358",32,0.01 %,171,71.58,73.77,69.87,132,,,,
Yemen,41025819,[],0.752447587579127,2018,3.96689108824503,2014,"40,583,164",3.03 %,"1,192,365",77,"527,970","-10,482",18,0.50 %,37,69.44,71.55,67.37,144,,,,
Zambia,21537696,[],5.83247413510912,2023,1.18630432872079,2022,"21,314,956",2.85 %,"590,991",29,"743,390","7,381",18,0.26 %,63,66.53,68.87,64.10,165,"$29,784,454,056",4.74%,"$1,478",102
Zimbabwe,16752380,[],4.95578170349711,2023,0.42705656262948,2022,"16,634,373",1.80 %,"293,551",43,"386,850","-60,528",18,0.20 %,74,63.06,65.31,60.49,184,"$20,678,055,598",3.40%,"$1,287",112
Åland Islands,,[],,,,,,,,,,,,,,,,,,,,,
