Country,Population,GDP,GDP Growth,GDP Per Capita,Unemployment,Population Growth Rate,Yearly Change,Net Change,Density (P/Km²),Land Area (Km²),Migrants (net),Fertility Rate,Median Age,Urban Pop %,World Share,Age Structure (0-14),Age Structure (15-64),Age Structure (65+),GDP (PPP),GDP Growth Rate,GDP (Official Exchange Rate),Inflation Rate,GDP Composition - Agriculture,GDP Composition - Industry,GDP Composition - Services,Life Expectancy (both),Life Expectancy (female),Life Expectancy (male),Catholic,Protestant,Jewish,Muslim,Hindu,Buddhist,Orthodox,Other/None
Aruba,108066.0,,,,,-0.157952665853709,0.12,127.0,600.0,180.0,141.0,1.6,41.0,44.0,0.0,,,,,,,,,,,76.5,78.92,73.85,0,0,0,0,0,0,0,0
Afghanistan,42647492.0,,,,14.386,2.66562820222961,2.88,1192731.0,65.0,652860.0,-44089.0,4.8,17.0,27.0,0.52,39.6,57.5,2.9,,,14.502,,33.7,16.1,45.0,66.29,67.81,64.7,0,0,0,99.7,0,0,0,0
Angola,37885849.0,84722957642.3757,0.856000934845724,7200.0,14.62,3.03099631037773,3.09,1135943.0,30.0,1246700.0,-2629.0,5.0,17.0,68.0,0.46,46.9,50.7,2.4,265.868,0.86,84.723,13.64,14.9,45.3,39.7,64.81,67.34,62.28,41.1,0,0,0,0,0,0,0
Anguilla,14598.0,,,,,,1.3,188.0,162.0,90.0,109.0,1.4,38.0,,0.0,20.8,67.5,11.7,,,,,3.0,10.5,86.4,,,,73.2,0,0,0,0,0,0,0
Albania,2791765.0,22977677860.7979,3.43914949919611,18100.0,11.584,-1.14841763771287,-0.71,-19890.0,102.0,27400.0,-24472.0,1.3,37.0,69.0,0.03,18.0,66.9,15.1,49.592,3.44,22.978,,18.3,21.2,48.0,79.78,81.59,77.92,56.7,0,0,0,0,0,0,0
Andorra,81938.0,3727673593.01922,1.44418423106947,64500.0,,0.330181899850107,1.34,1082.0,174.0,470.0,988.0,1.1,43.0,83.0,0.0,12.0,67.7,20.4,5.168,1.44,3.728,,0.5,11.4,78.6,,,,8.8,0,0,0,0,0,0,0
United Arab Emirates,11027129.0,504173451327.434,3.40385720609487,52976.8083782405,2.706,0.799054784290549,3.62,385048.0,132.0,83600.0,278439.0,1.2,32.0,82.0,0.14,,,,,,,,,,,83.07,84.32,82.17,0,0,0,0,0,0,0,0
Argentina,45696159.0,640591410663.883,-1.55050153620256,26500.0,6.178,0.903771167435598,0.35,157758.0,17.0,2736690.0,3454.0,1.5,33.0,95.0,0.56,23.3,63.9,12.8,1.235,-1.55,640.591,,6.1,25.1,52.8,77.54,80.02,74.98,62.9,0,0,0,0,0,0,0
Armenia,2973840.0,24212134631.064,8.7,20800.0,8.586,-0.0899173371650819,1.03,30447.0,104.0,28470.0,-29966.0,1.7,36.0,63.0,0.04,17.7,67.0,15.3,57.728,8.7,24.212,1.98,8.4,23.9,59.0,75.85,79.6,71.58,0,0,0,0,0,0,0,95.2
American Samoa,46765.0,,,,,-0.814183458237158,-1.59,-756.0,234.0,200.0,-1110.0,2.3,29.0,,0.0,,,,,,,,,,,,,,0,0,0,0,0,0,0,0
Antigua and Barbuda,93772.0,2033085185.18518,3.86201218730389,28700.0,,0.568965860290507,0.49,456.0,213.0,440.0,9.0,1.6,36.0,28.0,0.0,21.8,67.6,10.5,2.703,3.86,2.033,5.07,1.9,19.4,67.8,77.77,80.45,74.74,68.3,0,0,0,0,0,0,0
Australia,26713205.0,1723827215334.71,3.01698810357014,59500.0,3.667,2.37089971050094,0.99,262081.0,3.0,7682300.0,138510.0,1.6,38.0,86.0,0.33,18.3,64.7,17.0,1.584,3.02,1.724,5.6,2.4,27.4,64.2,84.07,85.85,82.28,20.0,0,0,0,0,0,0,0
Austria,9120813.0,516034144115.95,-0.828815088963225,64600.0,5.243,0.996275813585943,-0.11,-9616.0,111.0,82409.0,8813.0,1.3,43.0,58.0,0.11,14.1,64.7,21.2,590.354,-0.83,516.034,7.81,1.3,26.3,62.3,82.12,84.45,79.75,55.2,0,0,0,0,0,0,0
Azerbaijan,10336577.0,72356176470.5882,1.12397432709641,7155.08360355897,5.636,-0.288343752912047,0.18,18370.0,125.0,82658.0,10864.0,1.7,33.0,58.0,0.13,,,,,,,,,,,74.58,77.29,71.71,0,0,0,0,0,0,0,0
Burundi,14047786.0,2642161668.92754,2.70000059705133,900.0,0.93,2.67147850336685,2.62,358336.0,547.0,25680.0,-27074.0,4.8,16.0,14.0,0.17,42.3,54.4,3.4,11.347,2.7,2.642,26.94,25.2,9.6,48.8,63.82,65.88,61.75,93.9,0,0,0,0,0,0,0
Belgium,11738763.0,632216577075.109,1.36505523054922,63600.0,5.508,1.16366497533437,0.22,25870.0,388.0,30280.0,36243.0,1.4,42.0,99.0,0.14,16.9,62.8,20.2,751.592,1.37,632.217,4.05,0.8,18.4,70.7,82.27,84.45,80.06,57.1,0,0,0,0,0,0,0
Benin,14462724.0,19673284686.0023,6.35282160914288,3800.0,1.452,2.66008514236957,2.49,351690.0,128.0,112760.0,-7725.0,4.5,18.0,47.0,0.18,45.3,52.2,2.5,52.51,6.35,19.673,2.73,25.4,17.3,47.7,60.96,62.42,59.52,27.7,0,0,0,0,0,0,0
Burkina Faso,23548781.0,20324617838.9676,2.96018001322078,2500.0,5.293,2.51606040251666,2.27,523005.0,86.0,273600.0,-25807.0,4.1,17.0,33.0,0.29,41.6,55.1,3.2,57.152,2.96,20.325,0.74,16.3,29.3,43.6,61.29,63.43,59.11,63.8,0,0,0,0,0,0,0
Bangladesh,173562364.0,437415331040.994,5.77511237007889,8200.0,5.06,1.02746498713519,1.22,2095374.0,1333.0,130170.0,-473362.0,2.1,26.0,42.0,2.13,25.1,67.1,7.8,1.413,5.78,437.415,9.88,11.0,34.6,51.1,74.93,76.67,73.3,0,0,0,91.0,0,0,0,0
Bulgaria,6757689.0,101584384672.786,1.84638956019879,33300.0,4.295,-0.538593661595979,-0.56,-38114.0,62.0,108560.0,524.0,1.7,45.0,77.0,0.08,13.8,65.2,21.0,214.061,1.85,101.584,9.44,3.0,25.4,59.3,75.8,79.36,72.33,0,0,0,64.7,0,0,0,0
Bahrain,1607049.0,43205000000,2.48146533907759,57600.0,1.16,0.897717864437942,2.38,37383.0,2115.0,760.0,22699.0,1.8,33.0,,0.02,18.1,77.7,4.3,85.491,2.48,43.205,0.07,0.3,44.5,51.1,81.42,82.13,80.86,0,0,74.2,0,0,0,0,0
Bahamas,401283.0,14338500000,2.63905598075102,34749.6382896736,9.198,0.641620859891635,0.46,1843.0,40.0,10010.0,1018.0,1.4,35.0,88.0,0.0,,,,,,,,,,,74.71,78.33,71.06,0,0,0,0,0,0,0,0
Bosnia and Herzegovina,3164253.0,27054889362.8852,1.6762234691309,8426.09111019155,10.42,-0.70384174302478,-0.65,-20820.0,62.0,51000.0,-4497.0,1.5,45.0,56.0,0.04,,,,,,,,,,,78.04,81.07,74.65,0,0,0,0,0,0,0,0
Belarus,9056696.0,71857382745.6066,3.88624214456901,27700.0,3.574,-0.540824986374776,-0.65,-58984.0,45.0,202910.0,-3119.0,1.2,41.0,84.0,0.11,16.1,66.1,17.8,254.407,3.89,71.857,5.0,7.3,32.5,47.8,74.62,79.22,69.74,48.3,0,0,0,0,0,0,0
Belize,417072.0,3281500000,4.5416322077583,12800.0,8.262,1.36088864482137,1.45,5966.0,18.0,22810.0,490.0,2.0,26.0,48.0,0.01,27.7,66.7,5.5,5.257,4.54,3.282,4.39,9.0,13.2,63.0,73.74,76.66,71.08,40.1,0,0,0,0,0,0,0
Bermuda,64636.0,,,,,-0.166818835702156,-0.1,-62.0,1293.0,50.0,-5.0,1.4,46.0,93.0,0.0,,,,,,,,,,,,,,0,0,0,0,0,0,0,0
"Bolivia, Plurinational State of",12388571,45849832906.4139,2.44347191830776,3700.97833772869,3.081,1.336412296715,,,,,,,,,,,,,,,,,,,,,,,0,0,0,0,0,0,0,0
Brazil,211998573.0,2173665655937.27,2.90848048667777,18600.0,7.95,0.513716985680443,0.41,857844.0,25.0,8358140.0,-225510.0,1.6,34.0,91.0,2.6,19.6,69.5,10.9,4.016,2.91,2.174,4.59,6.2,22.3,58.9,76.02,79.15,72.95,52.8,0,0,0,0,0,0,0
Barbados,282467.0,6393564189.61345,4.51648965902731,17400.0,7.954,0.127743395119193,0.05,131.0,657.0,430.0,-70.0,1.7,39.0,32.0,0.0,16.6,67.0,16.3,4.92,4.52,6.394,9.79,1.4,13.1,72.3,76.33,78.76,73.75,66.4,0,0,0,0,0,0,0
Brunei Darussalam,452524,15128292953.5098,1.40706822925519,33430.9184783787,5.27,0.781345833219508,,,,,,,,,,,,,,,,,,,,,,,0,0,0,0,0,0,0,0
Bhutan,791524.0,,,,5.653,0.63304453326495,0.65,5139.0,21.0,38117.0,-277.0,1.4,30.0,49.0,0.01,23.1,70.2,6.7,,,2.898,4.23,14.7,31.8,51.2,73.26,75.27,71.57,0,0,0,0,75.3,0,0,0
Botswana,2521139.0,19395765126.3127,2.73091904554352,17500.0,23.381,1.69845730907796,1.65,40895.0,4.0,566730.0,-5778.0,2.7,23.0,75.0,0.03,28.7,65.2,6.1,46.742,2.73,19.396,5.07,1.6,34.3,59.4,69.29,71.85,66.78,0,0,0,79.1,0,0,0,0
Central African Republic,5330690.0,2555492085.24831,0.870251450842758,445.028195988605,6.286,2.88270795208001,3.46,178269.0,9.0,622980.0,-15357.0,6.0,14.0,44.0,0.07,,,,,,,,,,,57.67,59.56,55.51,0,0,0,0,0,0,0,0
Canada,39742430.0,2140085567791.45,1.06599445256434,55800.0,5.366,2.93227401162387,1.13,443325.0,4.0,9093510.0,368599.0,1.3,40.0,80.0,0.49,15.5,63.4,21.0,2.238,1.07,2.14,3.88,1.8,22.5,69.6,82.72,84.91,80.53,0,0,53.3,0,0,0,0,0
Switzerland,8921981.0,884940402230.409,0.716066868695833,82900.0,4.05,0.84073604280258,0.58,51420.0,226.0,39516.0,40099.0,1.4,43.0,74.0,0.11,15.1,64.6,20.3,733.779,0.72,884.94,2.14,0.6,24.9,71.9,84.09,85.95,82.17,34.4,0,0,0,0,0,0,0
Chile,19764771.0,335533331669.219,0.218780666901552,29500.0,9.037,0.131811438677878,0.54,105936.0,27.0,743532.0,58316.0,1.1,36.0,85.0,0.24,19.2,67.3,13.6,579.201,0.22,335.533,7.58,3.5,29.7,56.9,81.36,83.23,79.45,42.0,0,0,0,0,0,0,0
China,1419321278.0,17794781986104.5,5.19999999987174,22100.0,4.67,-0.103794531589067,-0.23,-3263655.0,151.0,9388211.0,-318992.0,1.0,40.0,66.0,17.39,16.3,69.3,14.4,31.227,5.2,17.795,0.23,7.1,38.3,54.6,78.02,80.97,75.25,0,0,21.9,0,0,0,0,0
Côte d'Ivoire,31934230.0,78788828906.8634,6.53593302046529,2728.80324620071,2.403,2.49863016801663,2.47,768576.0,100.0,318000.0,7838.0,4.2,18.0,49.0,0.39,,,,,,,,,,,62.11,64.31,60.17,0,0,0,0,0,0,0,0
Cameroon,29123744.0,47945510090.0529,3.99338950938622,4800.0,3.646,2.59113967946452,2.65,751057.0,62.0,472710.0,-13892.0,4.3,18.0,59.0,0.36,41.5,55.3,3.2,138.925,3.99,47.946,7.38,16.7,25.2,51.6,63.97,66.23,61.78,33.1,0,0,0,0,0,0,0
"Congo, The Democratic Republic of the",102262808,66383287002.9969,8.56086250908719,649.143987939358,4.544,3.23230523620325,,,,,,,,,,,,,,,,,,,,,,,0,0,0,0,0,0,0,0
Congo,6332961.0,15321055818.3263,1.90686426346754,2508.82339515164,20.054,2.25962565586274,2.43,150076.0,19.0,341500.0,-2491.0,4.1,18.0,69.0,0.08,,,,,,,,,,,66.0,67.72,64.33,0,0,0,0,0,0,0,0
Cook Islands,13729.0,,,,,,-3.47,-493.0,57.0,240.0,-505.0,2.0,36.0,98.0,0.0,,,,,,,,,,,,,,0,0,0,0,0,0,0,0
Colombia,52886363.0,363540156234.868,0.612181322079849,18800.0,9.565,0.406206101195742,1.08,565211.0,48.0,1109500.0,141643.0,1.6,32.0,81.0,0.65,22.3,66.5,11.2,978.024,0.61,363.54,11.74,8.7,24.5,56.9,77.91,80.61,75.16,63.6,0,0,0,0,0,0,0
Comoros,866628.0,1352380972.15662,2.70109357862837,3500.0,5.795,1.81205290418229,1.91,16241.0,466.0,1861.0,-2051.0,3.8,21.0,33.0,0.01,32.6,62.8,4.6,2.961,2.7,1.352,,37.2,9.0,49.6,67.02,69.2,65.02,0,0,0,98.1,0,0,0,0
Cabo Verde,524877.0,2587252076.3056,5.14913485822454,8200.0,11.994,0.928494014669758,0.49,2546.0,130.0,4030.0,-1209.0,1.5,28.0,78.0,0.01,26.4,67.2,6.4,4.903,5.15,2.587,,4.5,10.7,70.6,76.22,79.37,73.05,72.5,0,0,0,0,0,0,0
Costa Rica,5129910.0,86497941439.0174,5.11192183224598,25800.0,8.304,0.603176926750417,0.48,24385.0,100.0,51060.0,967.0,1.3,35.0,84.0,0.06,18.8,70.2,11.1,134.238,5.11,86.498,0.53,3.8,20.5,68.0,81.0,83.58,78.37,47.5,0,0,0,0,0,0,0
Cuba,10979783.0,,,,1.163,-0.158363803836215,-0.36,-40148.0,103.0,106440.0,-22356.0,1.4,42.0,81.0,0.13,16.3,66.5,17.2,,,107.352,,0.8,23.8,74.6,78.26,80.68,75.86,0,0,58.9,0,0,0,0,0
Curaçao,185482.0,,,,,-1.43292207278827,0.03,55.0,418.0,444.0,513.0,1.1,38.0,80.0,0.0,,,,,,,,,,,76.99,80.96,72.66,0,0,0,0,0,0,0,0
Cayman Islands,74457.0,,,,,0.875266427063587,1.94,1419.0,310.0,240.0,896.0,1.5,38.0,90.0,0.0,17.4,65.9,16.7,,,6.601,,0.5,8.2,85.4,,,,60.8,0,0,0,0,0,0,0
Cyprus,1358282.0,32229622669.1951,2.46693496487094,50600.0,5.964,0.688799542570149,0.99,13306.0,147.0,9240.0,8138.0,1.4,38.0,61.0,0.02,15.6,70.0,14.4,46.976,2.47,32.23,3.54,1.6,12.2,74.0,81.82,83.8,79.84,89.1,0,0,0,0,0,0,0
Czechia,10873689,330858339871.686,-0.311479452106369,47700.0,2.593,1.87114719000125,,,,,,,,,,15.7,63.8,20.5,519.007,-0.31,330.858,10.66,1.6,30.2,59.8,,,,7.0,0,0,0,0,0,0,0
Germany,84552242.0,4456081016705.96,-0.304934575740816,61900.0,3.045,0.813269249881238,0.0,4011.0,243.0,348560.0,36954.0,1.4,45.0,76.0,1.04,13.8,62.5,23.7,5.23,-0.3,4.456,5.95,0.7,28.1,62.6,81.54,83.88,79.21,24.8,0,0,0,0,0,0,0
Djibouti,1168722.0,4098530513.55777,6.67664964361434,6500.0,26.258,1.38273344206501,1.37,15778.0,50.0,23180.0,-11.0,2.6,25.0,71.0,0.01,28.4,67.4,4.2,7.38,6.68,4.099,1.5,1.8,15.3,76.9,66.2,68.74,63.73,0,0,94.0,0,0,0,0,0
Dominica,66205.0,653992592.592593,4.71223818531963,15900.0,,0.415704036089014,-0.46,-305.0,88.0,750.0,-200.0,1.5,36.0,83.0,0.0,20.7,65.6,13.7,1.159,4.71,653.993,3.48,14.8,12.2,58.5,,,,52.7,0,0,0,0,0,0,0
Denmark,5977412.0,404198757537.974,1.88961038591202,72000.0,5.142,0.741185515720057,0.49,29276.0,141.0,42430.0,25639.0,1.5,41.0,87.0,0.07,16.2,62.9,20.8,428.385,1.89,404.199,3.31,1.0,21.5,66.1,82.09,83.98,80.21,71.4,0,0,0,0,0,0,0
Dominican Republic,11427557.0,121444279313.931,2.36061568723294,10716.0133558903,5.557,0.923257649090989,0.85,96292.0,236.0,48320.0,-34806.0,2.2,28.0,86.0,0.14,,,,,,,,,,,73.87,77.11,70.66,0,0,0,0,0,0,0,0
Algeria,46814308.0,239899491127.742,4.10000000000679,15300.0,11.814,1.55401932380535,1.41,650089.0,20.0,2381740.0,-31240.0,2.7,28.0,74.0,0.57,30.8,62.3,6.9,699.947,4.1,239.899,9.32,13.2,38.0,45.1,76.48,77.91,75.1,0,0,99.0,0,0,0,0,0
Ecuador,18135478.0,118844826000,2.35521790742197,14300.0,3.367,1.04712882938642,0.86,155395.0,73.0,248360.0,-19704.0,1.8,29.0,65.0,0.22,26.8,64.1,9.1,260.213,2.36,118.845,2.22,7.7,26.9,59.7,77.58,80.31,74.88,68.2,0,0,0,0,0,0,0
Egypt,116538258.0,395926075163.006,3.75900541919032,17000.0,7.306,1.54356509805617,1.75,2002486.0,117.0,995450.0,123884.0,2.7,24.0,41.0,1.43,33.8,60.6,5.6,1.912,3.76,395.926,33.88,10.6,32.7,51.6,71.81,74.01,69.65,90.0,0,0,0,0,0,0,0
Eritrea,3535603.0,,,,5.866,1.74549257972489,1.88,65213.0,35.0,101000.0,-12696.0,3.7,19.0,74.0,0.04,35.7,60.3,4.0,,,5.813,,11.7,29.6,58.7,68.89,70.94,66.76,0,0,0,0,0,0,0,0
Western Sahara,590506.0,,,,,,1.86,10777.0,2.0,266000.0,5358.0,2.2,32.0,97.0,0.01,36.29,,4.1,,,,,2007.0,2007.0,40.0,71.58,73.77,69.87,0,0,0,0,0,0,0,0
Spain,47910526.0,1580694712515.71,2.50329435985475,46400.0,12.144,1.23763541014937,0.0,-1053.0,96.0,498800.0,111674.0,1.2,45.0,79.0,0.59,13.0,66.1,20.9,2.242,2.5,1.581,3.53,2.3,20.2,68.5,83.8,86.44,81.1,58.2,0,0,0,0,0,0,0
Estonia,1360546.0,40744848827.9537,-3.00559012612986,42000.0,6.345,1.27794159737588,-0.49,-6650.0,32.0,42390.0,-7742.0,1.4,42.0,66.0,0.02,15.2,62.2,22.6,57.377,-3.01,40.745,9.16,2.2,22.3,63.8,79.31,83.17,75.12,16.5,0,0,0,0,0,0,0
Ethiopia,132059767.0,163697927593.982,6.49813464238613,2800.0,3.497,2.5187790536759,2.62,3368075.0,132.0,1000000.0,30069.0,3.9,19.0,22.0,1.62,38.7,58.0,3.4,354.604,6.5,163.698,30.22,35.8,24.5,37.0,67.6,71.02,64.36,43.8,0,0,0,0,0,0,0
Finland,5617310.0,300187202696.084,-1.03537569285423,57500.0,7.155,0.505513909563998,0.29,16125.0,18.0,303890.0,26894.0,1.3,43.0,86.0,0.07,16.2,60.3,23.5,321.126,-1.04,300.187,6.25,2.5,24.5,60.7,82.08,84.79,79.38,0,0,0,0,0,0,66.6,0
Fiji,928784.0,5494797540.73365,8.02640862453754,13600.0,4.327,0.708309568380842,0.5,4639.0,51.0,18270.0,-3278.0,2.3,28.0,60.0,0.01,24.7,66.4,8.9,12.699,8.03,5.495,,8.3,16.1,52.9,67.46,69.54,65.47,45.0,0,0,0,0,0,0,0
France,66548530.0,3030904089607.9,0.703718546620237,55200.0,7.323,0.292221085514903,0.17,109708.0,122.0,547557.0,90527.0,1.6,42.0,82.0,0.82,17.3,60.7,22.0,3.764,0.7,3.031,4.88,1.9,18.7,69.2,83.46,86.2,80.59,47.0,0,0,0,0,0,0,0
Faroe Islands,53270,,,,,0.338473433332776,,,,,,,,,,20.0,61.5,18.5,,,3.556,,18.7,18.1,52.3,,,,0,0,0,0,0,0,0,87.0
"Micronesia, Federated States of",115224,460000000,0.784313725490193,3992.22384225509,,0.924204879960664,,,,,,,,,,,,,,,,,,,,,,,0,0,0,0,0,0,0,0
Gabon,2538952.0,20516134388.6608,2.26323208768638,19800.0,20.361,1.97181513140581,2.18,54163.0,10.0,257670.0,1105.0,3.6,22.0,84.0,0.03,34.6,61.1,4.3,48.201,2.26,20.516,3.63,5.8,52.9,36.4,68.51,71.24,66.06,46.4,0,0,0,0,0,0,0
United Kingdom,69138192.0,3340032380668.04,0.104017849159277,54100.0,4.055,0.821212039762055,0.66,455230.0,286.0,241930.0,417114.0,1.6,40.0,84.0,0.85,16.7,63.9,19.3,3.7,0.1,3.34,6.79,0.7,16.9,72.8,81.45,83.33,79.54,59.5,0,0,0,0,0,0,0
Georgia,3807670.0,30535530479.0227,7.47447909383303,22200.0,11.622,1.28099843092554,0.0,178.0,55.0,69490.0,1745.0,1.8,37.0,62.0,0.05,20.6,62.7,16.7,83.656,7.47,30.536,2.49,6.0,19.0,61.7,74.66,79.23,69.75,83.4,0,0,0,0,0,0,0
Ghana,34427414.0,76370394412.4163,2.94478583082221,6700.0,3.079,1.91170171695852,1.89,639500.0,151.0,227540.0,-13114.0,3.3,21.0,58.0,0.42,37.4,58.2,4.4,229.639,2.94,76.37,38.11,21.1,29.5,42.5,65.7,68.16,63.31,71.3,0,0,0,0,0,0,0
Gibraltar,39329.0,,,,,0.119381069323213,2.23,858.0,3933.0,10.0,598.0,1.9,39.0,90.0,0.0,,,,,,,,,,,,,,0,0,0,0,0,0,0,0
Guinea,14754785.0,23612295818.0961,7.06196002940651,4000.0,5.297,2.36211734721627,2.42,349317.0,60.0,245720.0,-12024.0,4.1,18.0,40.0,0.18,40.9,55.1,4.0,56.655,7.06,23.612,7.8,28.2,31.3,31.9,60.9,62.09,59.66,0,0,0,85.2,0,0,0,0
Guadeloupe,375106.0,,,,,,-0.37,-1411.0,222.0,1690.0,-1765.0,2.1,47.0,,0.0,,,,,,,,,,,82.24,85.65,78.35,0,0,0,0,0,0,0,0
Gambia,2759988.0,2339904156.79214,5.29599663840045,843.765742570282,6.479,2.45217756522986,2.3,62143.0,273.0,10120.0,-2989.0,3.9,18.0,60.0,0.03,,,,,,,,,,,66.06,67.75,64.35,0,0,0,0,0,0,0,0
Guinea-Bissau,2201352.0,1966461400.35833,4.24828229733396,2400.0,3.183,2.12750787782784,2.23,48013.0,78.0,28120.0,-1712.0,3.8,19.0,46.0,0.03,42.3,54.6,3.1,5.099,4.25,1.966,,33.7,16.1,45.1,64.25,66.55,61.82,0,0,0,46.1,0,0,0,0
Equatorial Guinea,1892516.0,12116922539.4112,-5.69158346431034,16900.0,8.666,2.34629870847474,2.43,44967.0,67.0,28050.0,3891.0,4.1,21.0,63.0,0.02,35.6,59.4,5.0,28.938,-5.69,12.117,,2.9,51.2,44.9,63.91,65.89,62.22,88.0,0,0,0,0,0,0,0
Greece,10047817.0,238206312632.528,2.01152094343999,36300.0,10.997,-0.631359846394221,-1.9,-195091.0,78.0,128900.0,-122772.0,1.3,46.0,88.0,0.12,13.8,62.6,23.6,375.78,2.01,238.206,3.46,3.8,15.7,67.6,82.03,84.46,79.5,0,0,0,90.0,0,0,0,0
Grenada,117207.0,1320334235.58897,4.80928689883935,15900.0,,0.592162162131326,0.11,126.0,345.0,340.0,-192.0,1.5,34.0,35.0,0.0,21.9,65.3,12.8,2.008,4.81,1.32,2.7,3.3,14.9,64.3,75.37,78.5,72.52,49.2,0,0,0,0,0,0,0
Greenland,55840.0,,,,,0.359389425458904,-0.15,-82.0,0.0,410450.0,-284.0,1.9,35.0,90.0,0.0,20.4,67.1,12.5,,,3.236,,17.5,16.1,62.7,,,,0,0,0,0,0,0,0,0
Guatemala,18406359.0,102050473863.636,3.48448472740903,12700.0,2.705,1.39900898821501,1.55,281521.0,172.0,107160.0,-7725.0,2.3,23.0,56.0,0.23,31.5,63.2,5.4,223.183,3.48,102.05,6.21,9.2,22.2,62.4,72.75,75.04,70.44,45.7,0,0,0,0,0,0,0
French Guiana,308522.0,,,,,,1.69,5120.0,4.0,82200.0,-1018.0,3.3,25.0,94.0,0.0,,,,,,,,,,,77.18,80.15,74.33,0,0,0,0,0,0,0,0
Guam,167777.0,,,,5.418,0.683444002088191,0.76,1271.0,311.0,540.0,-504.0,2.7,31.0,99.0,0.0,,,,,,,,,,,77.42,81.59,73.66,0,0,0,0,0,0,0,0
Guyana,831087.0,16786302158.2734,33.0168829873529,49800.0,12.43,0.629624405206613,0.57,4734.0,4.0,196850.0,-5407.0,2.4,26.0,27.0,0.01,23.5,68.4,8.1,40.539,33.02,16.786,2.82,10.0,67.8,19.3,70.32,74.09,66.62,34.8,0,0,0,0,0,0,0
Hong Kong,7414909.0,382054574298.529,3.21505497011667,64400.0,3.931,2.55352466697343,-0.37,-27825.0,7062.0,1050.0,-19272.0,0.7,47.0,,0.09,13.2,64.8,21.9,485.559,3.22,382.055,2.1,0.1,6.3,91.0,85.63,88.26,82.97,27.9,0,0,0,0,0,0,0
Honduras,10825703.0,34400509852.0436,3.58260362632656,6500.0,6.062,1.53082951071852,1.7,180852.0,97.0,111890.0,-4821.0,2.5,24.0,58.0,0.13,28.7,65.7,5.6,68.854,3.58,34.401,6.66,12.0,26.0,57.4,73.04,75.67,70.49,55.0,0,0,0,0,0,0,0
Croatia,3875325.0,82688842717.3926,3.06087128780983,41300.0,6.063,-0.0633298852988127,-0.53,-20698.0,69.0,55960.0,-5186.0,1.5,45.0,61.0,0.05,13.8,63.1,23.1,159.305,3.06,82.689,7.94,3.0,18.8,61.2,78.75,81.82,75.6,79.0,0,0,0,0,0,0,0
Haiti,11772557.0,19850829757.7471,-1.86388420254838,2900.0,14.623,1.19922882982183,1.16,135159.0,427.0,27560.0,-31747.0,2.6,24.0,61.0,0.14,30.5,65.3,4.2,34.406,-1.86,19.851,36.81,18.2,31.0,47.8,65.12,68.49,61.9,55.0,0,0,0,0,0,0,0
Hungary,9676135.0,212388906458.724,-0.907685956140242,40600.0,4.126,-0.552969965032594,-0.11,-10328.0,107.0,90530.0,16223.0,1.5,44.0,72.0,0.12,14.6,63.9,21.5,388.906,-0.91,212.389,17.12,4.7,24.3,57.6,77.18,80.33,73.89,30.1,0,0,0,0,0,0,0
Indonesia,283487931.0,1371171152331.16,5.04810577067288,14100.0,3.417,0.735139895418266,0.82,2297864.0,156.0,1811570.0,-38469.0,2.1,30.0,59.0,3.47,23.8,68.3,8.0,3.906,5.05,1.371,3.67,12.5,40.2,42.9,71.29,73.43,69.16,87.4,0,0,0,0,0,0,0
Isle of Man,84160.0,,,,,0.225729728476368,-0.01,-5.0,148.0,570.0,177.0,1.5,46.0,56.0,0.0,16.0,61.9,22.1,,,7.931,,0.3,9.4,91.8,,,,0,0,54.7,0,0,0,0,0
India,1450935791.0,3549918918777.53,7.58397112433558,9200.0,4.172,0.805014301342575,0.89,12866195.0,488.0,2973190.0,-630830.0,2.0,28.0,37.0,17.78,24.5,68.7,6.8,13.104,7.58,3.55,5.65,16.0,25.0,49.8,72.24,73.86,70.73,0,0,0,79.8,0,0,0,0
Ireland,5255017.0,545629450403.735,-3.1987859599287,115600.0,4.34,2.60299259103173,1.12,58387.0,76.0,68890.0,39059.0,1.6,39.0,62.0,0.06,18.6,65.5,15.8,608.463,-3.2,545.629,6.3,0.9,37.6,56.6,82.58,84.61,80.58,69.2,0,0,0,0,0,0,0
"Iran, Islamic Republic of",89172767,401504514718.718,4.9521631690814,4502.5463291805,9.103,0.700188903168177,,,,,,,,,,,,,,,,,,,,,,,0,0,0,0,0,0,0,0
Iraq,46042015.0,250842782139.464,-2.93555773971221,12600.0,15.529,2.24105014081182,2.15,967966.0,106.0,434320.0,-17735.0,3.2,21.0,72.0,0.56,34.6,61.7,3.6,572.939,-2.94,250.843,,2.8,55.6,42.3,72.42,74.18,70.5,98.0,0,0,0,0,0,0,0
Iceland,393396.0,31020032583.1972,4.06379899045474,66500.0,3.562,2.99067031992196,1.51,5838.0,4.0,100250.0,3543.0,1.5,36.0,84.0,0.0,19.8,63.2,17.1,26.155,4.06,31.02,8.74,3.9,21.0,64.6,83.01,84.47,81.63,58.6,0,0,0,0,0,0,0
Israel,9387021.0,509901495702.103,1.99703998799328,48300.0,3.389,2.06280419087907,1.41,130707.0,434.0,21640.0,10612.0,2.8,29.0,91.0,0.12,27.5,60.3,12.3,471.03,2.0,509.901,4.23,1.3,17.2,72.4,82.73,84.71,80.67,0,0,73.5,0,0,0,0,0
Italy,59342867.0,2254851212731.8,0.920692213760276,52700.0,7.618,-0.304633382751779,-0.26,-156586.0,202.0,294140.0,95246.0,1.2,48.0,72.0,0.73,11.9,64.5,23.6,3.097,0.92,2.255,5.62,1.9,23.1,64.9,83.87,85.87,81.75,80.8,0,0,0,0,0,0,0
Jamaica,2839175.0,19423355367.2372,2.20006147233049,10300.0,4.417,-0.0648514304106601,-0.02,-611.0,262.0,10830.0,-10506.0,1.4,32.0,60.0,0.03,23.8,65.7,10.4,29.225,2.2,19.423,6.47,9.0,18.6,60.1,71.61,74.15,69.08,64.8,0,0,0,0,0,0,0
Jordan,11552876.0,50813642348.6746,2.61548743021307,9400.0,17.944,0.452488759778546,0.99,113663.0,130.0,88780.0,-156369.0,2.6,25.0,84.0,0.14,30.9,64.9,4.2,106.806,2.62,50.814,2.08,4.8,24.1,60.6,77.98,80.34,75.89,97.1,0,0,0,0,0,0,0
Japan,123753041.0,4212945159781.4,1.92305553064716,46300.0,2.575,-0.487370782049143,-0.5,-617906.0,339.0,364555.0,153357.0,1.2,49.0,93.0,1.52,12.1,58.4,29.5,5.761,1.92,4.213,3.27,1.0,26.9,71.4,84.85,87.88,81.83,0,0,0,0,0,0,0,48.6
Kazakhstan,20592571.0,261421121085.572,5.09999999973641,35500.0,4.847,1.34158039345206,1.29,262467.0,8.0,2699700.0,-7368.0,3.0,30.0,55.0,0.25,27.6,62.8,9.6,705.52,5.1,261.421,14.72,4.3,32.0,56.0,74.53,78.52,70.27,0,0,0,69.3,0,0,0,0
Kenya,56432944.0,107440575838.048,5.42581615130304,5700.0,5.682,1.96674157342146,1.98,1093941.0,99.0,569140.0,-19781.0,3.2,20.0,31.0,0.69,35.8,60.9,3.4,314.063,5.43,107.441,7.67,21.3,17.1,55.5,63.83,66.12,61.64,85.5,0,0,0,0,0,0,0
Kyrgyzstan,7186009.0,13987627908.8381,6.15139183716032,6400.0,4.038,1.78894630690457,1.59,112493.0,37.0,191800.0,3645.0,2.8,25.0,35.0,0.09,29.1,64.0,6.9,45.461,6.15,13.988,10.75,9.7,22.6,50.8,71.82,75.4,68.31,0,0,90.0,0,0,0,0,0
Cambodia,17638801.0,31772759998.8571,5.39999999995442,5100.0,0.239,1.04996511061926,1.23,214921.0,100.0,176520.0,-32960.0,2.5,26.0,26.0,0.22,28.9,65.8,5.3,85.9,5.4,31.773,2.13,21.5,38.5,33.4,70.82,73.36,68.15,0,0,0,97.1,0,0,0,0
Kiribati,134518.0,279034355.108421,4.28571428571429,3200.0,,1.72470818693557,1.5,1988.0,166.0,810.0,-471.0,3.1,23.0,57.0,0.0,26.8,67.9,5.4,423.828,4.29,279.034,,23.0,7.0,70.0,66.6,68.32,64.69,58.9,0,0,0,0,0,0,0
Saint Kitts and Nevis,47755,1077033111.11111,3.43115229343,30100.0,,0.205424966383384,,,,,,,,,,19.2,68.1,12.7,1.438,3.43,1.077,3.56,1.4,19.8,64.9,,,,75.6,0,0,0,0,0,0,0
"Korea, Republic of",51712619,1712792854202.37,1.35673324311098,33121.3712885508,2.642,0.077477253324535,,,,,,,,,,,,,,,,,,,,,,,0,0,0,0,0,0,0,0
Kuwait,4934507.0,161772221950.942,-2.23009346286686,50800.0,2.076,0.96131038288673,1.98,95725.0,277.0,17820.0,61624.0,1.5,35.0,92.0,0.06,23.0,73.4,3.6,219.06,-2.23,161.772,3.64,0.4,67.0,43.6,80.6,82.0,79.45,0,0,0,74.6,0,0,0,0
Lao People's Democratic Republic,7633779,15843155731.2552,3.74568140158232,2075.40141406441,1.181,1.37576862016302,,,,,,,,,,,,,,,,,,,,,,,0,0,0,0,0,0,0,0
Lebanon,5805962.0,,,12300.0,11.565,-2.50498427319778,0.56,32469.0,568.0,10230.0,-17267.0,2.2,29.0,88.0,0.07,18.9,71.6,9.5,65.818,-0.15,17.937,221.34,1.1,2.4,47.7,77.95,79.86,75.88,67.8,0,0,0,0,0,0,0
Liberia,5612817.0,4332000000,4.71102538380681,1600.0,2.939,2.15837823978606,2.18,119786.0,58.0,96320.0,-7779.0,3.9,19.0,54.0,0.07,38.9,57.9,3.2,8.884,4.71,4.332,,34.9,22.9,38.5,62.32,63.63,61.02,0,0,0,84.9,0,0,0,0
Libya,7381023.0,50491722445.7773,-1.67258994589184,17700.0,18.743,1.1101275120524,1.03,75364.0,4.0,1759540.0,3448.0,2.3,27.0,77.0,0.09,32.3,63.2,4.6,121.951,-1.67,50.492,2.37,1.6,85.0,46.6,71.12,72.68,69.63,0,0,96.6,0,0,0,0,0
Saint Lucia,179744.0,2519925938.52447,3.19000999999997,22700.0,11.092,0.218823329233446,0.26,459.0,295.0,610.0,-7.0,1.4,34.0,20.0,0.0,17.9,66.7,15.4,4.083,3.19,2.52,4.07,0.9,8.6,74.1,72.85,76.45,69.45,61.5,0,0,0,0,0,0,0
Liechtenstein,39870.0,,,,,0.651369032629572,0.69,272.0,249.0,160.0,206.0,1.5,44.0,15.0,0.0,15.3,63.9,20.8,,,7.365,,0.2,40.2,55.4,,,,73.4,0,0,0,0,0,0,0
Sri Lanka,23103565.0,84356860421.13,-2.29804511164436,13000.0,6.36,-0.651320770103285,0.57,131948.0,368.0,62710.0,-27245.0,2.0,33.0,18.0,0.28,22.6,65.0,12.4,287.132,-2.3,84.357,16.54,8.3,25.6,59.9,77.67,80.75,74.45,70.2,0,0,0,0,0,0,0
Lesotho,2337423.0,2046039024.45854,0.898149777798736,2500.0,16.46,1.05662089697663,1.12,25951.0,77.0,30360.0,-5107.0,2.7,22.0,32.0,0.03,32.0,62.7,5.4,5.868,0.9,2.046,6.34,6.3,29.5,51.4,57.8,60.44,55.03,47.8,0,0,0,0,0,0,0
Lithuania,2859110.0,77836396962.772,-0.336086244470295,46200.0,6.962,1.41170910782706,0.18,5011.0,46.0,62674.0,2617.0,1.2,42.0,68.0,0.04,15.2,62.6,22.2,132.712,-0.34,77.836,9.12,3.0,24.1,63.1,76.17,80.8,71.42,74.2,0,0,0,0,0,0,0
Luxembourg,673036.0,85755006123.5976,-1.09572361576994,132400.0,5.188,2.34600975458798,1.19,7938.0,260.0,2590.0,5677.0,1.4,39.0,87.0,0.01,16.7,67.1,16.1,88.533,-1.1,85.755,3.74,0.2,10.5,80.6,82.36,83.94,80.75,70.6,0,0,0,0,0,0,0
Latvia,1871871.0,43627078481.287,-0.2825395584007,37800.0,6.534,0.125866344662112,-0.56,-10525.0,30.0,62200.0,-2225.0,1.3,43.0,67.0,0.02,14.7,63.0,22.2,71.154,-0.28,43.627,8.94,4.2,20.9,63.1,76.33,80.6,71.75,36.2,0,0,0,0,0,0,0
Macao,720262.0,47061843715.8565,80.5342159956893,66835.0643341913,2.246,1.28364385187692,0.89,6350.0,24009.0,30.0,1620.0,0.7,39.0,96.0,0.01,,,,,,,,,,,83.23,85.35,81.05,0,0,0,0,0,0,0,0
Saint Martin (French part),32077,,,,,0.89560315551153,,,,,,,,,,,,,,,,,,,,,,,0,0,0,0,0,0,0,0
Morocco,38081173.0,141109373209.414,3.17794683511849,8800.0,9.114,1.01483758667745,0.98,368668.0,85.0,446300.0,-46802.0,2.2,30.0,67.0,0.47,25.7,65.9,8.4,337.48,3.18,141.109,6.09,12.0,23.8,53.9,75.49,77.78,73.35,0,0,99.0,0,0,0,0,0
Monaco,38631.0,,,,,-0.472749142011553,-0.83,-325.0,25927.0,1.0,110.0,2.1,54.0,,0.0,9.1,53.8,37.1,,,8.784,,,12.3,87.7,,,,90.0,0,0,0,0,0,0,0
"Moldova, Republic of",2486891,16539436547.295,0.78324270969388,6650.64795654292,1.623,-2.06952171753803,,,,,,,,,,,,,,,,,,,,,,,0,0,0,0,0,0,0,0
Madagascar,31964956.0,16031702914.9195,3.9853710126696,1700.0,3.061,2.38265667508188,2.47,769024.0,55.0,581795.0,-1795.0,3.9,19.0,40.0,0.39,37.0,59.1,3.9,51.255,3.99,16.032,9.87,21.1,14.9,54.9,63.84,65.6,62.12,34.0,0,0,0,0,0,0,0
Maldives,527799.0,6600000000,3.97279584640151,22400.0,4.127,-0.529476508977336,0.34,1805.0,1759.0,300.0,-2421.0,1.6,32.0,39.0,0.01,22.4,71.5,6.1,11.651,3.97,6.6,,4.9,10.3,73.3,81.29,83.0,79.95,0,0,0,0,0,0,0,0
Mexico,130861007.0,1788886821046.81,3.22873675559163,22400.0,2.812,0.743434542137949,0.86,1121248.0,67.0,1943950.0,-104581.0,1.9,29.0,87.0,1.6,23.3,68.6,8.2,2.873,3.23,1.789,5.53,4.0,31.8,58.3,75.26,78.0,72.44,78.0,0,0,0,0,0,0,0
Marshall Islands,37548.0,284000000,3.22599899400625,6800.0,,1.02196784869723,-3.29,-1279.0,209.0,180.0,-1765.0,2.9,21.0,,0.0,30.0,64.3,5.7,283.577,3.23,284.0,,20.6,10.3,68.7,,,,79.3,0,0,0,0,0,0,0
North Macedonia,1823009.0,14761237042.2057,1.0274151354263,23400.0,13.075,-1.0830878621445,-0.48,-8793.0,72.0,25220.0,-5728.0,1.5,41.0,69.0,0.02,16.0,68.4,15.6,42.444,1.03,14.761,9.36,7.0,21.4,58.2,77.54,79.71,75.26,0,0,0,46.1,0,0,0,0
Mali,24478595.0,20904898296.2501,5.23657752778519,2500.0,3.008,3.05166141549371,2.98,709468.0,20.0,1220190.0,-46880.0,5.5,16.0,44.0,0.3,46.8,50.1,3.1,57.235,5.24,20.905,2.06,36.8,19.4,36.1,60.68,62.15,59.25,0,0,0,93.9,0,0,0,0
Malta,539607.0,20956999452.4317,5.61392778297829,57200.0,3.125,4.07701021450296,1.25,6651.0,1686.0,320.0,6323.0,1.1,41.0,77.0,0.01,14.5,62.4,23.1,31.661,5.61,20.957,5.09,0.7,12.1,79.7,83.47,85.39,81.48,90.0,0,0,0,0,0,0,0
Myanmar,54500091.0,64815031669.0952,1.00223834289773,1187.56706423461,2.841,0.733178876221607,0.68,366293.0,83.0,653290.0,-37979.0,2.1,30.0,34.0,0.67,,,,,,,,,,,67.1,70.38,63.99,0,0,0,0,0,0,0,0
Montenegro,638479.0,7404541964.50779,5.98190321595602,27800.0,15.254,-0.167992320943883,0.78,4927.0,47.0,13450.0,-1686.0,1.8,40.0,68.0,0.01,17.7,64.4,17.9,17.115,5.98,7.405,8.58,5.6,11.9,62.4,77.25,80.45,73.92,72.1,0,0,0,0,0,0,0
Mongolia,3475540.0,19872180369.6275,7.02299187499851,16300.0,6.134,1.42551054825547,1.27,43608.0,2.0,1553560.0,83.0,2.6,27.0,67.0,0.04,25.7,68.4,5.9,56.264,7.02,19.872,10.35,10.2,40.0,40.1,71.99,76.66,67.49,0,0,0,51.7,0,0,0,0
Northern Mariana Islands,44278.0,,,,,0.493221731247645,-1.92,-865.0,96.0,460.0,-1097.0,2.3,37.0,,0.0,,,,,,,,,,,,,,0,0,0,0,0,0,0,0
Mozambique,34631766.0,20624597846.5495,5.00002417303148,1500.0,3.535,2.77535206169073,2.96,996606.0,44.0,786380.0,-38940.0,4.7,16.0,41.0,0.42,44.7,52.4,2.9,50.631,5.0,20.625,7.13,26.7,22.8,40.6,63.8,66.74,60.49,27.2,0,0,0,0,0,0,0
Mauritania,5169395.0,10452577062.7581,3.38355519096352,6300.0,10.512,2.6431022627714,2.93,146954.0,5.0,1030700.0,-2185.0,4.6,17.0,60.0,0.06,35.7,59.9,4.4,30.395,3.38,10.453,4.95,19.9,30.9,42.5,68.71,70.73,66.7,0,0,0,100.0,0,0,0,0
Montserrat,4389.0,,,,,,-0.7,-31.0,44.0,100.0,-7.0,1.4,42.0,11.0,0.0,15.8,76.1,8.0,,,,,1.9,7.8,90.3,,,,71.4,0,0,0,0,0,0,0
Martinique,343195.0,,,,,,-0.81,-2807.0,324.0,1060.0,-2744.0,2.0,49.0,,0.0,,,,,,,,,,,82.74,85.73,79.45,0,0,0,0,0,0,0,0
Mauritius,1271169.0,14397127281.3829,6.95228798595431,26600.0,6.057,-0.117452949112512,-0.19,-2419.0,626.0,2030.0,-2787.0,1.2,37.0,41.0,0.02,15.1,71.0,13.9,33.53,6.95,14.397,7.05,3.8,18.6,64.6,75.1,78.34,72.11,48.5,0,0,0,0,0,0,0
Malawi,21655286.0,14084341062.3675,1.53964171231864,1700.0,5.044,2.54716886319793,2.61,550804.0,230.0,94280.0,-1507.0,3.6,18.0,19.0,0.27,37.7,58.4,3.9,35.238,1.54,14.084,28.79,22.1,18.3,52.2,67.56,70.77,64.27,33.5,0,0,0,0,0,0,0
Malaysia,35557673.0,399648828546.504,3.68028218563347,33600.0,3.855,1.08520231604055,1.23,431375.0,108.0,328550.0,174770.0,1.5,31.0,77.0,0.44,22.2,69.4,8.4,1.152,3.68,399.649,2.49,7.7,37.7,53.5,76.82,79.52,74.45,0,0,0,63.5,0,0,0,0
Mayotte,326505.0,,,,,,3.32,10490.0,871.0,375.0,108.0,4.6,17.0,42.0,0.0,,,,,,,,,,,76.24,78.51,74.27,0,0,0,0,0,0,0,0
Namibia,3030131.0,12351024843.7467,4.1599857377939,11500.0,19.422,1.4372197796667,2.26,67036.0,4.0,823290.0,4211.0,3.2,21.0,54.0,0.04,34.1,62.0,3.9,29.944,4.16,12.351,5.88,7.7,30.0,53.4,67.52,71.48,63.45,0,0,97.5,0,0,0,0,0
New Caledonia,292639.0,,,,11.22,-0.47472420231839,0.96,2769.0,16.0,18280.0,455.0,2.0,34.0,75.0,0.0,20.7,68.4,10.8,,,9.623,,1.8,22.3,65.2,78.92,81.41,76.46,0,0,0,85.2,0,0,0,0
Niger,27032412.0,16819170420.5653,2.49999999999999,1600.0,0.55,3.72576598230791,3.34,872545.0,21.0,1266700.0,-4041.0,5.9,15.0,18.0,0.33,49.5,47.8,2.7,44.561,2.5,16.819,3.7,47.8,20.2,26.9,61.43,62.41,60.49,0,0,0,95.5,0,0,0,0
Nigeria,232679478.0,362814951696.073,2.86021499108364,5700.0,3.074,2.37988826918731,2.1,4796533.0,255.0,910770.0,-35202.0,4.4,18.0,54.0,2.85,40.4,56.2,3.4,1.275,2.86,362.815,24.66,22.7,32.6,42.8,54.64,54.94,54.33,53.5,0,0,0,0,0,0,0
Nicaragua,6916140.0,17829215283.7997,4.56973233333842,7300.0,4.795,1.39938096442621,1.36,92527.0,57.0,120340.0,-8189.0,2.2,26.0,58.0,0.08,25.1,68.9,6.0,51.088,4.57,17.829,8.39,15.3,27.3,46.3,75.1,77.58,72.46,44.9,0,0,0,0,0,0,0
Niue,1819.0,,,,,,0.11,2.0,7.0,260.0,10.0,2.5,36.0,44.0,0.0,,,,,,,,,,,,,,0,0,0,0,0,0,0,0
Netherlands,18228742.0,1118124749886.29,0.116008634532122,69300.0,3.561,1.00340157218113,0.75,136218.0,541.0,33720.0,121628.0,1.4,41.0,89.0,0.22,15.2,64.1,20.7,1.24,0.12,1.118,3.84,1.5,19.4,69.3,82.3,83.85,80.72,20.1,0,0,0,0,0,0,0
Norway,5576660.0,485513316503.63,0.514118226595343,90500.0,3.581,1.13818460655469,1.04,57493.0,15.0,365268.0,44356.0,1.4,40.0,86.0,0.07,16.3,64.5,19.1,499.528,0.51,485.513,5.52,2.1,39.0,50.0,83.46,84.97,81.94,67.5,0,0,0,0,0,0,0
Nepal,29651054.0,40908073366.8455,1.95254463264347,4700.0,10.685,1.13603537496157,-0.15,-43560.0,207.0,143350.0,-401282.0,2.0,25.0,24.0,0.36,25.8,67.8,6.4,144.31,1.95,40.908,7.11,21.2,12.1,55.4,70.64,72.14,69.09,0,0,0,81.2,0,0,0,0
Nauru,11947.0,154127798.193541,0.704225352112744,11400.0,,0.880232027299544,0.61,72.0,597.0,20.0,-121.0,3.3,20.0,95.0,0.0,29.6,66.0,4.4,145.958,0.7,154.128,,,,,,,,60.4,0,0,0,0,0,0,0
New Zealand,5213944.0,253465703232.146,0.632242361629224,48800.0,3.737,2.04836808947608,0.79,41108.0,20.0,263310.0,18766.0,1.7,38.0,83.0,0.06,19.0,64.2,16.9,254.77,0.63,253.466,5.73,5.8,19.0,67.1,82.25,83.89,80.6,37.3,0,0,0,0,0,0,0
Oman,5281538.0,108192457737.321,1.29999999999998,40000.0,1.46,1.47683734209876,4.6,232269.0,17.0,309500.0,154219.0,2.5,29.0,93.0,0.06,29.8,66.2,4.0,185.96,1.3,108.192,0.94,1.8,57.0,44.5,80.25,82.05,78.72,0,0,0,85.9,0,0,0,0
Pakistan,251269164.0,338368455317.876,-0.00485526939898762,5600.0,5.499,1.9571034315941,1.52,3764669.0,326.0,770880.0,-1401173.0,3.5,20.0,34.0,3.08,34.4,60.7,4.9,1.347,0.0,338.368,30.77,23.4,20.8,50.6,67.8,70.32,65.46,0,0,0,96.5,0,0,0,0
Panama,4515577.0,83382400000,7.31677741654941,35800.0,6.701,1.34074838442305,1.27,56818.0,61.0,74340.0,6706.0,2.1,30.0,70.0,0.06,25.0,64.8,10.1,159.867,7.32,83.382,1.49,2.4,27.1,67.9,79.78,82.71,76.88,55.0,0,0,0,0,0,0,0
Peru,34217848.0,267603248655.253,-0.55018230632048,15100.0,4.82,0.886323861618286,1.1,372231.0,27.0,1280000.0,18406.0,2.0,30.0,80.0,0.42,25.8,66.2,8.0,517.644,-0.55,267.603,6.46,7.1,35.0,49.6,77.94,80.3,75.63,66.4,0,0,0,0,0,0,0
Philippines,115843670.0,437146372729.942,5.54585117087767,9700.0,2.233,1.52719727728693,0.83,952471.0,389.0,298170.0,-160373.0,1.9,26.0,49.0,1.42,30.2,64.3,5.6,1.138,5.55,437.146,5.98,9.4,28.2,62.4,69.95,72.96,66.99,78.8,0,0,0,0,0,0,0
Palau,17695.0,263020733.717011,0.448430493273634,15800.0,,0.0166145155866348,-0.18,-32.0,38.0,460.0,-14.0,1.9,38.0,,0.0,17.5,71.3,11.2,284.695,0.45,263.021,12.8,3.4,12.3,80.1,,,,46.9,0,0,0,0,0,0,0
Papua New Guinea,10576502.0,30932496249.7917,2.68101048379781,2994.4533269188,2.651,1.82993546980529,1.8,186867.0,23.0,452860.0,-707.0,3.1,23.0,12.0,0.13,,,,,,,,,,,66.26,69.21,63.84,0,0,0,0,0,0,0,0
Poland,38539201.0,811229100687.566,0.160586011025046,44100.0,2.905,-0.369758116260503,-0.58,-223643.0,126.0,306230.0,-238062.0,1.3,42.0,59.0,0.47,14.2,65.9,19.8,1.616,0.16,811.229,11.53,2.9,28.7,58.8,78.81,82.49,75.1,84.6,0,0,0,0,0,0,0
Puerto Rico,3242204.0,117902300000,0.563519426800866,43000.0,5.962,-0.448878435008411,0.01,181.0,366.0,8870.0,11561.0,0.9,45.0,,0.04,12.5,62.6,24.9,137.828,0.56,117.902,,0.7,49.1,50.6,81.9,85.38,78.28,56.0,0,0,0,0,0,0,0
"Korea, Democratic People's Republic of",26160821,,,,3.004,0.35000834215513,,,,,,,,,,,,,,,,,,,,,,,0,0,0,0,0,0,0,0
Portugal,10425292.0,287080013574.497,2.26125478073125,41700.0,6.491,1.10479001213844,-0.05,-5446.0,114.0,91590.0,20648.0,1.5,47.0,66.0,0.13,12.7,65.0,22.3,439.008,2.26,287.08,4.31,2.0,18.0,67.0,82.55,85.25,79.68,79.7,0,0,0,0,0,0,0
Paraguay,6929153.0,42956263543.9482,4.71412407945468,15700.0,5.779,1.18427440537002,1.24,85007.0,17.0,397300.0,-12451.0,2.4,27.0,68.0,0.08,22.2,68.4,9.4,108.022,4.71,42.956,4.63,11.3,32.4,49.0,73.98,77.09,71.01,80.4,0,0,0,0,0,0,0
"Palestine, State of",5165775,17396300000,-5.50879437160218,3367.60699023864,,2.39326476511584,,,,,,,,,,,,,,,,,,,,,,,0,0,0,0,0,0,0,0
French Polynesia,281807.0,,,,11.724,0.843050034136393,0.25,689.0,77.0,3660.0,-1261.0,1.5,35.0,66.0,0.0,20.3,68.7,11.0,,,5.815,,2.3,10.7,76.2,84.19,86.62,81.9,54.0,0,0,0,0,0,0,0
Qatar,3048423.0,,,,0.13,0.786068869030495,2.33,69341.0,263.0,11610.0,46105.0,1.7,34.0,97.0,0.04,13.1,85.4,1.5,,,235.77,3.03,0.3,65.4,38.5,82.52,83.48,81.78,0,0,65.2,0,0,0,0,0
Réunion,878591.0,,,,,,0.42,3708.0,351.0,2500.0,-2931.0,2.2,38.0,,0.01,,,,,,,,,,,83.67,86.45,80.67,0,0,0,0,0,0,0,0
Romania,19015088.0,351002579629.67,2.14847699574527,40500.0,5.595,0.047801854432771,-0.54,-103391.0,83.0,230170.0,-28466.0,1.7,43.0,55.0,0.23,15.4,62.0,22.6,772.107,2.15,351.003,10.4,3.9,27.6,59.8,76.09,79.68,72.56,85.3,0,0,0,0,0,0,0
Russian Federation,143826130,2021421476035.42,3.60000000000001,13817.0458984375,3.325,-0.285217600763343,,,,,,,,,,,,,,,,,,,,,,,0,0,0,0,0,0,0,0
Rwanda,14256567.0,14097768647.6695,8.24128696506683,3000.0,14.932,2.28190198384881,2.16,302096.0,578.0,24670.0,-15582.0,3.6,20.0,18.0,0.17,37.2,59.7,3.1,42.701,8.24,14.098,19.79,27.1,21.5,44.3,68.02,70.14,65.71,95.9,0,0,0,0,0,0,0
Saudi Arabia,33962757.0,1067582933333.33,-0.754914810584665,49600.0,4.88,1.46740769611431,2.1,698465.0,16.0,2149690.0,122170.0,2.3,30.0,92.0,0.42,22.9,72.7,4.4,1.831,-0.75,1.068,2.33,2.7,47.0,44.9,78.98,81.33,77.33,90.0,0,0,0,0,0,0,0
Sudan,50448963.0,109327023588.732,-12.0467791968043,2800.0,11.449,2.6001891699622,0.81,406172.0,29.0,1765048.0,-544257.0,4.3,18.0,35.0,0.62,40.1,56.7,3.2,136.039,-12.05,109.327,,5.6,5.2,7.6,66.52,69.83,63.45,0,0,0,0,0,0,0,0
Senegal,18501984.0,31013986429.1861,3.69999636052071,4400.0,2.93,2.54699595340171,2.35,424411.0,96.0,192530.0,-10307.0,3.8,19.0,52.0,0.23,40.7,55.9,3.4,77.382,3.7,31.014,,16.4,23.7,50.8,68.92,71.01,67.01,97.2,0,0,0,0,0,0,0
Singapore,5832387.0,501427500080.059,1.07503175095101,127500.0,3.472,4.85831607781442,0.75,43297.0,8332.0,700.0,20011.0,1.0,36.0,,0.07,14.6,71.1,14.3,754.758,1.08,501.428,4.82,0.0,22.4,72.4,83.86,86.36,81.38,0,0,0,31.1,0,0,0,0
Solomon Islands,819198.0,1631286701.11516,2.95008536339103,2700.0,1.545,2.20546019496427,2.4,19193.0,29.0,27990.0,1610.0,3.5,20.0,23.0,0.01,30.6,64.2,5.3,2.025,2.95,1.631,5.89,33.8,18.7,47.3,70.69,72.18,69.36,73.4,0,0,0,0,0,0,0
Sierra Leone,8642022.0,3809832236.95959,3.43082135607435,1700.0,3.174,2.13120700196935,2.15,181510.0,120.0,72180.0,-11000.0,3.7,19.0,45.0,0.11,40.1,57.4,2.5,14.633,3.43,3.81,47.64,64.4,7.8,24.7,61.96,63.7,60.23,0,0,0,77.1,0,0,0,0
El Salvador,6338193.0,34015620000,3.51097706608982,11300.0,2.758,0.449575546018594,0.45,28569.0,306.0,20720.0,-23102.0,1.8,27.0,79.0,0.08,25.3,66.3,8.4,71.957,3.51,34.016,4.05,4.6,25.0,59.8,72.3,76.49,67.76,43.9,0,0,0,0,0,0,0
San Marino,33581.0,,,,,-0.053490239306932,-0.45,-152.0,560.0,60.0,37.0,1.2,48.0,100.0,0.0,14.2,64.3,21.5,,,1.855,,0.0,36.6,56.5,,,,0,0,0,0,0,0,0,0
Somalia,19009151.0,11679800110.1523,3.1029619961507,1500.0,19.027,3.05481740638644,3.54,650536.0,30.0,627340.0,26859.0,6.0,16.0,46.0,0.23,41.4,55.8,2.8,26.351,3.1,11.68,,,,,58.97,61.55,56.49,0,0,0,99.9,0,0,0,0
Serbia,6736216.0,75187125426.7375,2.52779333573876,24500.0,8.683,-0.699014137453456,-0.55,-36985.0,77.0,87460.0,-8132.0,1.5,44.0,73.0,0.08,14.4,65.6,20.0,162.213,2.53,75.187,12.37,5.2,26.4,51.2,76.94,80.18,73.68,84.6,0,0,0,0,0,0,0
South Sudan,11943408.0,,,,12.271,1.59654622262538,4.01,460034.0,20.0,610952.0,15374.0,3.8,18.0,27.0,0.15,42.1,55.3,2.6,,,11.998,2.38,10.4,33.1,56.6,57.74,60.75,54.76,0,0,0,60.5,0,0,0,0
Sao Tome and Principe,231856,603240748.954207,-0.4744429516048,5500.0,14.208,1.94938626026079,,,,,,,,,,36.4,60.3,3.2,1.267,-0.47,603.241,21.26,13.9,4.4,79.0,,,,55.7,0,0,0,0,0,0,0
Suriname,634431.0,3782437296.04323,2.07545911217966,19000.0,7.704,0.837207897304605,0.88,5545.0,4.0,156000.0,-1166.0,2.2,28.0,62.0,0.01,22.5,70.0,7.5,11.824,2.08,3.782,,8.1,44.8,44.7,73.76,76.98,70.6,23.6,0,0,0,0,0,0,0
Slovakia,5506760.0,132793622283.071,1.59645497115139,39300.0,5.84,-0.0923148510113108,-0.2,-11295.0,115.0,48088.0,-21027.0,1.6,42.0,54.0,0.07,15.3,66.5,18.1,213.053,1.6,132.794,10.53,2.0,32.7,56.5,78.49,81.71,75.21,55.8,0,0,0,0,0,0,0
Slovenia,2118697.0,68216781410.5228,1.58689938286867,48100.0,3.627,0.422923513694067,0.01,301.0,105.0,20140.0,3319.0,1.6,44.0,55.0,0.03,14.3,62.5,23.2,102.036,1.59,68.217,7.45,1.9,29.1,57.8,81.78,84.47,79.11,69.0,0,0,0,0,0,0,0
Sweden,10606999.0,593267701033.408,-0.196170994604543,64200.0,7.587,0.472717863265105,0.53,55505.0,26.0,410340.0,50115.0,1.4,40.0,87.0,0.13,17.1,62.1,20.8,676.353,-0.2,593.268,8.55,1.6,22.8,65.3,83.42,85.22,81.65,53.9,0,0,0,0,0,0,0
Eswatini,1242822.0,4597855845.04276,4.84232085252165,3797.30120946164,37.636,0.758721181538574,1.0,12316.0,72.0,17200.0,-6754.0,2.7,22.0,31.0,0.02,,,,,,,,,,,64.26,67.11,61.32,0,0,0,0,0,0,0,0
Sint Maarten (Dutch part),41163,1623165683.12849,3.40000000000001,39432.6381247356,,0.670317314116942,,,,,,,,,,,,,,,,,,,,,,,0,0,0,0,0,0,0,0
Seychelles,130418.0,2141450171.13932,3.16171435490999,29500.0,,-0.0876274304874622,1.93,2467.0,284.0,460.0,1747.0,2.1,34.0,44.0,0.0,17.7,72.4,10.0,3.53,3.16,2.141,,2.8,12.0,68.0,72.99,76.66,70.08,76.2,0,0,0,0,0,0,0
Syrian Arab Republic,23227014,,,,13.544,4.85965527721486,,,,,,,,,,,,,,,,,,,,,,,0,0,0,0,0,0,0,0
Turks and Caicos Islands,46062,1402054390.94734,1.19999674543642,30438.4175881929,,0.782437381400663,,,,,,,,,,,,,,,,,,,,,,,0,0,0,0,0,0,0,0
Chad,20299123.0,13149325358.7383,4.12231962001739,1800.0,1.082,3.08482215474986,5.07,980059.0,16.0,1259200.0,204040.0,6.0,16.0,22.0,0.25,45.8,51.7,2.5,32.446,4.12,13.149,10.84,25.1,44.4,28.7,55.24,57.19,53.36,52.1,0,0,0,0,0,0,0
Togo,9515236.0,9171261835.06264,6.40792215636242,2800.0,2.048,2.29140060710712,2.27,210899.0,175.0,54390.0,-14014.0,4.1,19.0,44.0,0.12,38.7,57.0,4.3,25.75,6.41,9.171,,18.1,20.2,51.7,62.93,63.15,62.7,0,0,42.3,0,0,0,0,0
Thailand,71668011.0,514944993833.578,1.88281746066315,21100.0,0.913,0.145296511250275,-0.05,-34424.0,140.0,510890.0,23321.0,1.2,40.0,53.0,0.88,15.8,69.0,15.1,1.516,1.88,514.945,1.23,8.6,32.9,58.5,76.56,80.98,72.34,0,0,92.5,0,0,0,0,0
Tajikistan,10590927.0,12060602008.8478,8.29999921651935,4600.0,6.981,1.89847329660101,1.94,201128.0,76.0,139960.0,-21236.0,3.0,22.0,27.0,0.13,36.9,59.3,3.9,46.467,8.3,12.061,,22.9,34.7,34.1,71.93,74.14,69.68,0,0,0,98.0,0,0,0,0
Tokelau,2506.0,,,,,,4.55,109.0,251.0,10.0,72.0,2.6,27.0,0.0,0.0,,,,,,,,,,,,,,0,0,0,0,0,0,0,0
Turkmenistan,7494498.0,59887334844.0651,6.29999999999993,,4.12,1.31817552142514,1.77,130060.0,16.0,469930.0,14646.0,2.7,27.0,46.0,0.09,24.5,68.6,6.9,,6.3,59.887,,11.6,40.6,47.8,70.2,73.01,67.0,0,0,93.0,0,0,0,0,0
Timor-Leste,1400638.0,2243142908.46161,-14.358356988559,4600.0,1.523,1.42865283050419,1.18,16352.0,94.0,14870.0,-2552.0,2.6,21.0,35.0,0.02,38.7,56.8,4.5,6.265,-14.36,2.243,,10.2,53.8,37.2,67.9,69.67,66.27,97.6,0,0,0,0,0,0,0
Tonga,104175.0,,,,2.303,0.852631300433594,-0.4,-422.0,145.0,720.0,-2149.0,3.1,21.0,26.0,0.0,29.3,63.2,7.4,,,500.275,6.35,16.3,15.9,49.7,73.07,76.54,69.5,63.9,0,0,0,0,0,0,0
Trinidad and Tobago,1507782.0,28139944790.2911,2.10324544981324,28500.0,4.206,0.253948220302279,0.32,4850.0,294.0,5130.0,1334.0,1.5,37.0,49.0,0.02,18.7,67.2,14.1,43.681,2.1,28.14,4.63,1.1,48.9,47.8,73.62,76.83,70.51,32.1,0,0,0,0,0,0,0
Tunisia,12277109.0,48529595416.6533,0.423648407741425,12300.0,15.106,0.822964272088378,0.63,76678.0,79.0,155360.0,-15221.0,1.8,33.0,71.0,0.15,24.4,65.2,10.4,153.637,0.42,48.53,9.33,9.5,23.5,62.1,76.71,79.33,74.13,0,0,99.0,0,0,0,0,0
Türkiye,85326000,1108022373259.51,4.5168665079849,12985.7531497962,9.412,0.406430370277168,,,,,,,,,,,,,,,,,,,,,,,0,0,0,0,0,0,0,0
Tuvalu,9646.0,62280311.5852172,3.85280919517032,5200.0,,0.739830748144493,-1.73,-170.0,322.0,30.0,-280.0,3.2,24.0,83.0,0.0,29.2,63.2,7.6,59.202,3.85,62.28,,15.9,7.0,70.0,,,,0,92.7,0,0,0,0,0,0
"Tanzania, United Republic of",67438106,79158286333.524,5.18805639154843,1211.05859375,2.607,2.91944687054643,,,,,,,,,,,,,,,,,,,,,,,0,0,0,0,0,0,0,0
Uganda,50015092.0,49272882213.623,5.23187410562045,2800.0,2.831,2.78160960502728,2.79,1358491.0,250.0,199810.0,-117924.0,4.2,17.0,29.0,0.61,47.0,50.6,2.4,135.668,5.23,49.273,5.35,23.8,26.0,42.4,68.49,71.37,65.49,45.1,0,0,0,0,0,0,0
Ukraine,37860221.0,178757021386.809,5.3,16200.0,,-2.66682470821613,0.34,127385.0,65.0,579320.0,1146012.0,1.0,42.0,79.0,0.46,12.3,67.8,19.9,559.981,5.3,178.757,12.85,7.4,18.8,61.3,74.69,79.39,69.79,0,0,0,0,0,0,0,0
Uruguay,3386588.0,77240831587.167,0.3674751756175,30700.0,8.354,0.00917337117067443,-0.04,-1493.0,19.0,175020.0,-1348.0,1.4,36.0,,0.04,18.9,65.4,15.7,105.096,0.37,77.241,5.87,5.6,16.4,66.3,78.29,82.04,74.38,36.5,0,0,0,0,0,0,0
United States,345426571.0,27360935000000,2.54270029878489,73600.0,3.625,0.491924871690548,0.57,1949236.0,38.0,9147420.0,1286132.0,1.6,38.0,82.0,4.23,18.1,63.4,18.5,24.662,2.54,27.361,4.12,0.9,17.7,76.7,79.46,81.98,77.05,46.5,0,0,0,0,0,0,0
Uzbekistan,36361859.0,90889149306.7313,5.98897580604036,8800.0,4.526,2.12121533052509,1.99,709552.0,85.0,425400.0,-7066.0,3.5,27.0,48.0,0.45,29.6,63.7,6.7,319.174,5.99,90.889,,23.0,30.5,41.0,72.53,75.55,69.56,0,0,0,88.0,0,0,0,0
Saint Vincent and the Grenadines,103698,1065962962.96296,6.01610914506236,17900.0,18.674,-0.240794545327961,,,,,,,,,,18.8,68.2,13.0,1.858,6.02,1.066,4.56,4.2,14.2,64.2,,,,75.0,0,0,0,0,0,0,0
"Venezuela, Bolivarian Republic of",28838499,,,,5.528,1.87895331104326,,,,,,,,,,,,,,,,,,,,,,,0,0,0,0,0,0,0,0
"Virgin Islands, British",31538,,,,,0.741533878612142,,,,,,,,,,,,,,,,,,,,,,,0,0,0,0,0,0,0,0
"Virgin Islands, U.S.",104917,,,,12.087,-0.471640678399366,,,,,,,,,,,,,,,,,,,,,,,0,0,0,0,0,0,0,0
Viet Nam,98858950,429716969049.593,5.04643073618749,4346.76849237821,1.602,0.682172962745761,,,,,,,,,,,,,,,,,,,,,,,0,0,0,0,0,0,0,0
Vanuatu,327777.0,1126313359.21923,2.21294177094788,3000.0,5.099,2.34900690287816,2.3,7368.0,27.0,12190.0,-43.0,3.6,20.0,25.0,0.0,31.1,63.8,5.0,999.536,2.21,1.126,,21.2,10.0,59.8,71.65,74.11,69.59,39.9,0,0,0,0,0,0,0
Samoa,218019.0,934100336.275654,7.99198264387498,6000.0,9.747,1.47258738875474,0.63,1356.0,77.0,2830.0,-2754.0,3.8,20.0,16.0,0.0,26.9,65.9,7.2,1.359,7.99,934.1,8.12,11.0,11.0,67.6,71.83,73.82,69.96,54.9,0,0,0,0,0,0,0
Yemen,40583164.0,,,,17.215,2.21065600879913,3.03,1192365.0,77.0,527970.0,-10482.0,4.5,18.0,33.0,0.5,,,,,,,,,,,69.44,71.55,67.37,0,0,0,0,0,0,0,0
South Africa,64007187.0,377781600985.873,0.601662303103254,14300.0,27.988,0.865464649421926,1.26,794803.0,53.0,1213090.0,166972.0,2.2,28.0,66.0,0.78,27.2,65.3,7.5,862.981,0.6,377.782,6.07,2.5,24.6,63.0,66.31,69.79,62.78,0,0,0,86.0,0,0,0,0
Zambia,21314956.0,28162630953.9285,5.83247413510912,3700.0,5.913,2.72052846961362,2.85,590991.0,29.0,743390.0,7381.0,4.0,18.0,46.0,0.26,42.1,55.1,2.8,76.493,5.83,28.163,10.88,2.8,36.1,54.9,66.53,68.87,64.1,75.3,0,0,0,0,0,0,0
Zimbabwe,16634373.0,26538273498.8461,4.95578170349711,3500.0,8.759,2.09110005063999,1.8,293551.0,43.0,386850.0,-60528.0,3.7,18.0,38.0,0.2,38.3,57.8,3.9,58.583,4.96,26.538,,27.0,46.9,18.5,63.06,65.31,60.49,40.3,0,0,0,0,0,0,0
